a,213.0	97.0	1,204.0	92.5	1,176.63061421923115	107.01811873069917	1,154.7087860107422	123.29121398925781	1,141.0	154.0	1,138.0	181.30450439453125	1,141.05015563964844	201.1253662109375	1,161.5	216.0	1,185.1826133484397	201.8180644822568	1,201.2806181658038	179.70897212447113	1,214.15268262762814	155.5538770374132	1,221.8623809814453	135.27523803710938	1,226.9967498779297	120.00325012207031	1,227.0	122.93002319335938	1,227.0	139.81039428710938	1,228.98533630371094	160.9413604736328	1,230.95818994190756	175.83275976763022	1,235.94908142089844	196.79632568359375	1,244.8822021484375	211.8822021484375	1,254.881591796875	219.9407958984375	1,269.00000000000006	215.99999999999997	1,
a,219.0	102.0	1,219.0	102.0	1,208.1854248046875	105.0	1,189.99432373046875	107.00189208984375	1,171.24562072753906	115.45262145996094	1,155.8123321533203	130.1876678466797	1,145.08091735839844	149.79771423339844	1,141.0	171.895751953125	1,144.01071166992188	191.02142333984375	1,155.89561008818	203.49730107381154	1,177.21634598013	201.25315031728732	1,194.19097900390625	188.80902099609375	1,208.9769744873047	172.36404418945312	1,219.7052001953125	154.589599609375	1,226.88487243652344	140.34539794921875	1,230.0	130.12783813476562	1,229.83749389648438	133.83749389648438	1,232.11431903487306	145.77987260932176	1,240.09043884277344	161.18087768554688	1,249.53238002394144	173.64200342133563	1,264.5905456542969	187.2952880859375	1,
a,241.0	114.0	1,241.0	114.0	1,209.57365424558142	89.65004153127262	1,167.0	97.0	1,125.20236206054688	132.6627197265625	1,112.80493834857536	183.74043699457832	1,134.51212259454527	217.98230224826327	1,174.6745171113177	219.89198988042435	1,214.83621215820312	194.87283325195312	1,238.96116638183594	170.03884887695312	1,239.0	169.0	1,237.0	184.66220092773438	1,241.11479988726438	220.57419011468912	1,
a,220.0	81.0	1,220.0	81.0	1,220.0	81.0	1,200.09872436523438	74.96708679199219	1,185.3824462890625	81.80877685546875	1,166.18749676984763	95.87136409571734	1,148.60972595214844	114.23783874511719	1,134.2439727783203	136.51205444335938	1,126.09736633300781	158.41578674316406	1,126.06718359068135	182.7575758700896	1,133.8340301513672	199.75103759765625	1,151.4597473367463	203.03170612478837	1,173.71212768554688	193.1727294921875	1,189.8888702392578	180.11111450195312	1,203.90988159179688	164.1201629638672	1,215.63813034780145	147.04279684890327	1,220.92283630371094	135.15432739257812	1,225.0	126.06558227539062	1,224.74212062617323	127.5280866235807	1,224.0	137.30874633789062	1,224.9296417236328	151.78892517089844	1,226.8396453857422	164.5189208984375	1,230.83113620569296	176.32454482277183	1,236.26708324874147	187.42581000676145	1,246.11480712890625	194.05740356445312	1,
b,165.0	61.0	1,165.0	64.89347839355469	1,164.0	80.93052673339844	1,160.1984405517578	122.51170349121094	1,157.02083715307816	164.2184643110382	1,153.163818359375	204.36184692382812	1,151.0	233.75607299804688	1,147.0	247.098388671875	1,147.0	230.1370849609375	1,149.34776913661457	212.608898657217	1,158.8942413330078	188.21151733398438	1,172.50057899672552	166.66588864577238	1,190.0054931640625	148.9945068359375	1,213.93370056152344	141.0	1,231.56253792035224	146.46995281669686	1,247.87860107421875	162.838134765625	1,257.0074157714844	189.03701782226562	1,254.79762411910724	206.66760360183036	1,240.72445678710938	229.32147216796875	1,221.5888495089896	244.08866020719833	1,203.8527374267578	252.03680419921875	1,177.89700317382812	258.0343322753906	1,162.99180603027344	257.0	1,157.0	255.0	1,
c,246.0	91.0	1,236.89411945083611	88.5639664806549	1,219.84571838378906	87.0	1,203.7940216064453	89.05149841308594	1,185.11538696289062	95.93077087402344	1,166.98550415039062	107.01449584960938	1,152.09022014599964	119.91231325659199	1,141.71346375017217	135.5968837260682	1,135.0863494873047	152.65460205078125	1,134.91758728027344	168.67034912109375	1,138.9129180908203	183.65167236328125	1,147.96725463867188	196.96725463867188	1,162.15051493974372	209.10737139969405	1,174.66317749023438	214.88772583007812	1,188.7380059987821	217.99376305144546	1,199.91534423828125	218.0	1,212.94174194335938	215.02914428710938	1,223.05238342285156	211.97381591796875	1,230.9078826904297	210.0	1,236.97509765625	209.0	1,243.0	206.0	1,
c,227.0	100.0	1,227.0	100.0	1,215.2408905029297	99.0	1,201.84049809391394	102.02554309484398	1,183.65159606933594	107.73936462402344	1,165.26336669921875	119.80247497558594	1,153.11547620809264	133.84526602109585	1,145.4919733039955	148.94597379204794	1,144.0	166.28314208984375	1,149.73709106445312	186.34271240234375	1,160.63522338867188	203.51364135742188	1,172.9217987060547	213.46090698242188	1,190.4185347422334	220.6502019518379	1,207.39582883928696	222.0	1,223.67266355256106	217.1456656618123	1,238.1907891436678	208.1825004855924	1,251.0	197.0	1,
d,213.0	148.0	1,196.90200239826234	143.8169527625242	1,163.52662658691406	149.98223876953125	1,139.32996956577946	190.31294548152343	1,146.7716064453125	227.7716064453125	1,183.12571716308594	227.92816162109375	1,213.97044960405924	185.84640741971225	1,230.8981170654297	131.3565673828125	1,237.0	77.02568054199219	1,229.9762420654297	98.09500122070312	1,222.72209414763913	144.44965879975808	1,219.0	188.9058837890625	1,224.95388793945312	214.95388793945312	1,238.96971130371094	227.0	1,
d,213.0	165.0	1,213.0	165.0	1,199.5680389404297	154.85601806640625	1,177.971435546875	156.0142822265625	1,160.54674621169096	165.35315708742522	1,141.06558227539062	190.8360595703125	1,137.2870617740933	216.62734284027584	1,148.0238494873047	233.01589965820312	1,188.36187744140625	211.70391845703125	1,218.4975797247911	170.55876904169924	1,234.83303833007812	134.46751403808594	1,246.5	89.0	1,251.83758544921875	54.97450256347656	1,251.34963989257812	38.0	1,239.70012996904921	52.58405781341104	1,226.01278686523438	84.97444152832031	1,218.8995361328125	114.35162353515625	1,214.99889426433973	147.28382940317744	1,215.0	179.12213134765625	1,219.9829332013419	205.9317030900672	1,227.9331374625321	223.90588863471024	1,238.99696350097656	236.9969482421875	1,259.13140869140625	242.9671630859375	1,
e,161.0	153.0	1,161.0	153.0	1,205.84759521484375	175.96188354492188	1,246.20639038085938	164.3968048095703	1,266.0	134.3826904296875	1,246.39993347517282	107.64803235952188	1,206.968505859375	104.00787353515625	1,168.1775360107422	130.86685180664062	1,146.0462188720703	170.81512451171875	1,145.95932006835938	204.87796020507812	1,165.0	232.0	1,196.02403259277344	245.0	1,226.94020080566406	241.0299072265625	1,253.0751953125	228.9248046875	1,
e,127.0	153.0	1,128.1536102294922	154.1536102294922	1,139.86395263671875	165.86395263671875	1,157.38291012119913	176.1456065221394	1,181.66318002396577	184.18020443867056	1,207.1668701171875	187.0	1,232.7718048095703	182.07608032226562	1,252.7880430694684	167.61507006726657	1,261.9281311035156	147.57493591308594	1,254.15521827183497	134.63197788410832	1,239.4188232421875	135.79058837890625	1,219.66631561221718	147.91584704022952	1,202.64133305709308	166.94078270711813	1,194.18490600585938	184.63018798828125	1,192.16969983266873	203.2733929317841	1,199.9149169921875	226.87237548828125	1,210.83059692382812	237.88705444335938	1,229.07528686523438	247.02508544921875	1,244.90086320471502	245.45588409235452	1,263.4383544921875	238.8538818359375	1,278.0	227.0	1,
e,173.0	169.0	1,178.9104461669922	173.91043090820312	1,197.91568782886367	177.0	1,219.0821533203125	173.98358154296875	1,237.79737854003906	164.15196228027344	1,251.08710866981664	143.15173923753466	1,248.0703125	123.14065551757812	1,232.4481189544672	111.14547174720376	1,205.6714384140529	108.94572521823524	1,185.47645568847656	116.80941772460938	1,170.0	130.0	1,155.22904265233447	150.9985576945043	1,150.0	175.939453125	1,152.9695281982422	194.87811279296875	1,164.3595432558691	214.8104375668143	1,179.68643188476562	230.76483154296875	1,194.7936173164659	241.39680781385184	1,218.01158142089844	250.00289916992188	1,234.56105041503906	249.1097412109375	1,258.0176696777344	241.99411010742188	1,270.0	232.0	1,
f,236.0	76.0	1,236.0	76.0	1,236.0	76.0	1,222.91929626464844	55.0	1,206.73315402897362	60.51122687707195	1,196.11158752441406	73.77680969238281	1,186.95573918601931	98.76213618792484	1,184.99687633050394	127.89136523040312	1,187.01080291672795	157.04876694373522	1,190.0184501936074	186.12955650746483	1,191.0	214.17730712890625	1,189.0	236.1009521484375	1,179.9461669921875	255.0538330078125	1,167.5	258.0	1,149.91969299316406	247.942626953125	1,135.9813232421875	225.962646484375	1,132.0	207.11602783203125	1,134.9358865135305	182.19384140101678	1,143.9091033935547	170.06060791015625	1,163.90213012695312	160.03262329101562	1,184.29993811518833	157.24926770058437	1,200.08889770507812	157.0	1,217.0824737548828	155.95875549316406	1,228.0	157.0	1,
f,194.0	149.0	1,197.89837646484375	146.05081176757812	1,212.83590698242188	133.16409301757812	1,229.2540374131127	110.24327827267872	1,239.8825225830078	89.293701171875	1,240.13577270507812	64.20365905761719	1,230.0	64.0	1,214.4531707763672	102.5272216796875	1,210.0	144.50013732910156	1,211.59520661433322	193.72804195815434	1,212.65531267353268	228.95346115642351	1,208.9986130540712	263.99973457092824	1,204.0981903076172	284.7054443359375	1,192.11125981239954	285.5556299061998	1,173.01522827148438	263.01904296875	1,163.38902108902874	242.61377857800855	1,158.0306941862854	207.84533194217192	1,161.0244323312696	190.52651136879643	1,172.98556518554688	174.00961303710938	1,191.84103393554688	170.0	1,211.3535614013672	170.0	1,239.0	169.0	1,
f,252.0	70.0	1,252.0	70.0	1,252.0	70.0	1,224.0804901123047	61.967803955078125	1,209.9982907973292	77.24059355836472	1,202.04603567123033	100.7721709938329	1,201.0	123.77696228027344	1,202.98708972161324	150.75924739495687	1,204.7000877793854	175.77584026424324	1,204.5568000317832	200.82398126234062	1,200.38211407049963	225.47734844906876	1,189.01031494140625	243.98968505859375	1,174.10757971107142	244.49878975155104	1,160.9929656982422	230.98944091796875	1,156.0209017587602	213.46719730224098	1,158.5	190.0	1,168.02545166015625	174.97454833984375	1,185.68433212896218	164.21764259959383	1,204.99041748046875	160.0	1,222.51473968393066	159.10407884963843	1,235.0	160.0	1,
g,231.0	95.0	1,215.93939208984375	78.9595947265625	1,174.84641922910106	77.59802303128919	1,147.1368631991942	116.77859512868773	1,157.88379069930568	162.24414034609214	1,201.43623867979585	150.4813325799357	1,225.92713928222656	114.10928344726562	1,228.0	119.70297241210938	1,222.2494326546931	169.67036448208862	1,222.0	219.12577144453297	1,211.98280334472656	260.0172119140625	1,180.19070434570312	265.0635681152344	1,149.17258256264967	244.1990052203932	1,
h,169.0	39.0	1,169.0	39.0	1,188.46192282914106	92.14594870968179	1,191.0	170.474365234375	1,187.0	221.46061635226468	1,181.0	251.8526611328125	1,184.0	231.037109375	1,200.06114196777344	198.90829467773438	1,227.35355931489534	170.45416170879565	1,255.10388956581167	167.36482108377214	1,274.8988098037297	185.48301569767	1,275.3762832286726	213.9197587808783	1,270.8857773325446	242.25890571508063	1,
h,192.0	68.0	1,190.5	74.0	1,191.0750274658203	90.69989013671875	1,187.16490173339844	114.42283630371094	1,181.05765066979652	139.27604844805802	1,173.25538635253906	164.31898498535156	1,162.68698120117188	194.11080932617188	1,153.09034729003906	216.81930541992188	1,152.97694396972656	222.02304077148438	1,162.96257688401423	210.03743604700878	1,180.3470544682273	193.03063269396372	1,199.27906087088257	177.7783760370855	1,216.84385681152344	169.0	1,227.91632080078125	172.8326416015625	1,229.5873726745953	188.37307390982954	1,228.0	210.684814453125	1,227.0	226.50784301757812	1,233.67645263671875	241.0	1,260.12812924363004	230.45335891157694	1,271.0	225.0	1,
i,192.0	92.0	1,192.0	92.0	1,191.0	95.81249523620336	1,191.0	99.78822181169502	1,191.0	104.66775512695312	1,191.0	111.71540153817001	1,191.0	119.66685468915334	1,191.0	123.642581264645	1,191.0	131.01634216308594	1,191.0	135.56976099111998	1,191.0	141.1035919189453	1,191.0	147.49694071759492	1,191.0	151.9688720703125	1,191.0	159.42412044406987	1,190.9443158976608	163.39707112699404	1,190.15350980369814	171.3091020251917	1,190.0	175.27717602651546	1,190.0	182.78604125976562	1,190.0	185.5	1,189.60919927386226	191.16662245528892	1,189.06212381165062	199.09923335277585	1,189.0	203.0728202735249	1,189.0	208.5	1,189.0	214.99999999999986	1,189.0	215.0	1,
i,192.0	116.0	1,190.13565063476562	117.86434936523438	1,189.46828917623915	118.65855411880425	1,188.01811703815437	125.90941480922811	1,187.0	131.0	1,187.0	136.90028540057375	1,186.64892874255608	140.57898864349067	1,186.0	146.7109375	1,185.20883985454645	151.57247555712996	1,184.0211012339296	158.8709176478166	1,184.0023520579491	162.56675532525998	1,184.0	168.0	1,183.65203049486877	173.64772941735876	1,183.19730344584417	181.02819033066876	1,182.9593697016246	184.71765442750097	1,182.34474404195169	192.08652240572417	1,182.0	196.2197265625	1,181.4035553519432	203.13819177667853	1,180.96771240234375	208.19375610351562	1,180.98095641937596	214.21110889683013	1,180.99723136082721	221.6055470166802	1,181.0	225.30277198491848	1,181.0	229.0	1,
i,212.0	98.0	1,212.0	98.0	1,211.0	102.81230163574219	1,211.0	107.90553283691406	1,211.0	113.67144775390625	1,211.0	120.28316171677169	1,211.0	125.9102783203125	1,211.0	133.7147401472342	1,211.0	142.66912576754257	1,211.0	150.68649291992188	1,211.19071265320738	156.09734428062566	1,211.50612602586315	165.04617304429829	1,211.82153939851895	173.9950018079709	1,211.99594116210938	178.94308471679688	1,211.99770118718578	187.42350749869678	1,211.99955957836528	196.3778929261601	1,212.2006264789383	200.8465245845874	1,212.96343815293366	209.7683596081238	1,213.72624982692903	218.6901946316602	1,214.09725478679664	223.1519325614394	1,214.74267675505936	232.0830272491061	1,215.0	236.0	1,
i,166.0	90.0	1,166.0	90.0	1,164.89341588651186	93.04405959832359	1,164.21437253970515	96.20711848709014	1,164.0	100.97346496582031	1,163.3998733149188	105.8924117720777	1,163.0393108189341	109.11276357025014	1,163.01096947741783	115.59709171389503	1,163.0	118.83926278148314	1,163.0	125.32365286121339	1,163.0	129.04788208007812	1,163.0	135.05023798080876	1,163.0	141.534628060539	1,163.1997066733117	144.76939970758684	1,163.68111027440568	151.23589530249433	1,164.0	155.5194091796875	1,164.48105955243463	160.92928041192573	1,165.05540180805636	167.38818478337384	1,165.6297440636781	173.84708915482196	1,166.0144805908203	178.17373657226562	1,166.4615020942797	183.538008456239	1,167.0	190.0	1,
i,225.0	104.0	1,225.0	104.0	1,223.95895385742188	109.20526123046875	1,223.13838872005593	115.03266294502816	1,223.0	118.75404579648709	1,223.0	122.48512418453355	1,223.0	129.28933715820312	1,223.0	133.6783593486729	1,223.0	139.38377380371094	1,223.81554019771278	144.8106578379571	1,224.08382221407922	148.52879942354846	1,224.45158647504823	155.981888259685	1,224.8193507360172	163.43497709582155	1,224.8825989094932	167.1650809277092	1,224.95491209841927	174.62688731448287	1,225.0	179.27938842773438	1,225.77110630825447	185.7742894365982	1,226.65087122781736	193.18440397264257	1,227.0919793910805	196.88930784233725	1,228.0655159907981	204.28768673504067	1,229.03905259051567	211.68606562774409	1,230.00701904296875	219.0421142578125	1,
i,173.0	114.0	1,172.0	117.03915567562173	1,172.1881493586007	121.06958271998059	1,172.93607822500687	129.1131961305334	1,173.0	133.1493863450569	1,173.0	141.22769769630034	1,173.0	148.9219512939453	1,173.16431091738207	153.34211180719174	1,173.46439925140916	161.41484748225318	1,173.76448758543626	169.48758315731462	1,173.9362030029297	174.10693359375	1,174.20115134401283	181.59717521807482	1,174.48672256423356	189.67043746860344	1,174.77229378445432	197.74369971913205	1,174.917236328125	201.84130859375	1,175.55384580375787	209.8332892594665	1,176.19530021631672	217.88609315154272	1,176.83675462887558	225.93889704361894	1,177.19272169540787	229.96212615012132	1,178.0	238.0	1,
j,230.0	68.0	1,227.0592803955078	70.94071960449219	1,226.0	82.77177429199219	1,225.00540161132812	97.97299194335938	1,225.0	117.12890625	1,223.4881731894166	133.04250367483786	1,222.0115509033203	149.93072509765625	1,219.39023450590204	169.84567829042203	1,216.61111406725036	184.40043369560314	1,210.95628356933594	203.17489624023438	1,202.8647952946409	218.5794441710137	1,193.8014336677145	230.2093014601625	1,182.9236602783203	236.0	1,172.93199157714844	233.96600341796875	1,162.083463398284	225.26572388123108	1,149.6503143310547	207.56289672851562	1,
j,234.0	100.0	1,234.0	106.63700866699219	1,235.0170135498047	118.06806945800781	1,233.98446655273438	136.07763671875	1,232.94455016460373	154.1759881144569	1,229.20245361328125	173.29141235351562	1,224.45637468600796	192.2339410715489	1,217.3975372314453	211.80740356445312	1,208.03235502160007	227.4567004421405	1,197.43184315959613	238.70197098349723	1,183.06177730744128	243.50485497192014	1,168.5227465182373	238.0131832635434	1,157.11906728753883	227.54540126065194	1,149.30668159977628	214.10080737792455	1,144.02598571777344	201.10394287109375	1,143.0	184.235107421875	1,
k,167.0	66.0	1,171.0	77.0	1,170.0	125.30740356445312	1,163.21713369071273	182.38619165040953	1,157.0	226.31405639648438	1,160.79669189453125	236.20330810546875	1,196.52457678767811	199.49678852968748	1,236.77877807617188	156.2765350341797	1,245.4770050048828	130.84100341796875	1,206.0	145.0	1,171.9770965576172	169.04580688476562	1,192.15855407714844	193.15853881835938	1,231.3678741455078	222.52590942382812	1,
k,187.0	91.0	1,186.10682678222656	120.57272338867188	1,177.9695397032005	167.13328301013624	1,168.0746612548828	220.626708984375	1,163.0	254.94839477539062	1,166.7806854248047	234.87725830078125	1,184.0	194.0	1,223.67916870117188	167.0	1,239.0240020751953	181.92800903320312	1,204.63580235346038	202.6376655081316	1,174.7502554229475	209.79890425361802	1,180.83306884765625	220.83306884765625	1,217.1664701851809	243.95226867724622	1,
k,167.0	53.0	1,165.0	73.80938720703125	1,158.21251870184426	132.3533668301066	1,145.97613525390625	186.11935424804688	1,137.0	213.1585693359375	1,149.55349086850333	173.24211263010946	1,182.3921244865666	139.49227338397392	1,225.01351928710938	141.01351928710938	1,215.67752027125573	167.89524425109747	1,174.5	179.0	1,164.8328857421875	184.91644287109375	1,193.11263711624068	200.07508783914616	1,226.1212921142578	220.08087158203125	1,247.0330810546875	231.0	1,
k,174.0	78.0	1,173.0	82.94534301757812	1,173.0	98.99929809570312	1,166.26376342773438	149.0217742919922	1,158.65423836503405	200.9153183922993	1,153.05979919433594	236.6412353515625	1,152.0	258.8210144042969	1,157.87123107910156	260.06439208984375	1,174.56072998046875	240.50201416015625	1,205.30196637437186	198.01549825576353	1,230.04789487358087	164.89848290529224	1,255.40323017723324	132.24558099075284	1,269.8900146484375	115.10997009277344	1,267.1841125488281	115.90794372558594	1,243.18260192871094	125.92695617675781	1,219.51764267929914	135.4175552565983	1,181.426493915996	151.45199141389108	1,162.2108917236328	162.89456176757812	1,150.0413055419922	177.91738891601562	1,161.68222907977324	193.1148062362423	1,179.94853223646996	202.7256456984477	1,202.6343231201172	212.81716918945312	1,227.00672912597656	223.00335693359375	1,243.9586944580078	228.97933959960938	1,257.0	231.0	1,
k,154.0	66.0	1,154.0	70.79779052734375	1,151.0	120.64414978027344	1,149.0	175.14340209960938	1,150.8995361328125	227.59817504882812	1,150.0386199951172	236.07723999023438	1,157.93896484375	188.18310546875	1,188.87095765036455	145.7748897113492	1,218.96664428710938	142.9332733154297	1,202.0966033935547	167.90338134765625	1,177.97911071777344	186.04177856445312	1,192.37245674444657	201.9204567484257	1,229.7551727294922	219.8367919921875	1,
l,192.0	61.0	1,190.0	65.96641540527344	1,188.3936074129646	80.96747850712093	1,187.0731964111328	97.63398742675781	1,185.4553891641226	115.05832028109417	1,184.0	132.9299774169922	1,183.0	149.1859827963789	1,183.0	169.7211049603518	1,183.559775483648	183.36475220396392	1,185.9827117919922	200.91357421875	1,189.97637939453125	215.92913818359375	1,194.98138427734375	225.9627685546875	1,203.76929105017723	229.5213290799706	1,215.56146300279593	223.0662365932271	1,230.13021850585938	208.86978149414062	1,
l,181.0	65.0	1,182.0	68.0	1,181.0049244654992	80.32531217700598	1,179.17596061926392	95.80426003125525	1,177.2546630125322	111.26899814525058	1,174.5826873779297	127.92120361328125	1,172.72064876840813	149.94754445933305	1,172.0	173.30313674357413	1,172.37371875899711	188.8643752020701	1,176.71119689941406	211.13357543945312	1,181.46396523681582	226.65990230211514	1,189.11517368223448	240.11989510854025	1,202.30184213158046	246.43825822094422	1,221.14359119046097	233.19073766591114	1,238.0	217.0	1,
m,104.0	103.0	1,114.25839211688242	113.6723740833789	1,117.98502654852881	162.80081106211975	1,114.0	208.86758422851562	1,120.84146118164062	181.79266357421875	1,147.68096923828125	136.23927307128906	1,183.02255249023438	126.00752258300781	1,198.96289274142936	166.70716796816473	1,197.00245834845774	198.67932398797333	1,203.2371311832669	166.35724959496943	1,229.76071781205172	125.21214343032142	1,252.7257080078125	132.17710876464844	1,255.95123359375566	167.58013539581717	1,253.0	207.29998779296875	1,
m,127.0	128.0	1,128.0	137.9340057373047	1,126.56979839758898	156.2867429311994	1,123.01884460449219	178.92459106445312	1,117.47000352013764	197.832891692549	1,117.91299438476562	199.08700561523438	1,125.9852768097067	180.051601793791	1,137.93411254882812	160.1098175048828	1,152.9006805419922	146.07449340820312	1,175.01272583007812	139.00318908691406	1,186.58257687861857	151.16515375723716	1,193.03695678710938	175.18475341796875	1,193.0	193.7332763671875	1,193.93312072753906	200.13375854492188	1,198.98979098048898	185.92630345947285	1,210.9049530029297	163.19009399414062	1,222.54708862304688	149.45291137695312	1,243.5430450439453	139.0	1,255.49410955323452	149.47934992741457	1,258.0	167.11322021484375	1,258.0	191.93134688621615	1,263.6461490727599	204.17085619340665	1,289.13843393751256	193.84290311418863	1,
n,150.0	108.0	1,150.0	127.72958374023438	1,149.0	168.91482543945312	1,148.0	224.07803344726562	1,149.4605712890625	239.5394287109375	1,157.0	198.98757934570312	1,169.95407104492188	151.09185791015625	1,192.96514892578125	123.02323913574219	1,228.296331430528	118.17679185879332	1,248.0	142.05519104003906	1,253.0	177.77159613313384	1,254.0	205.12707536895428	1,255.0	227.9949951171875	1,
n,150.0	118.0	1,151.9668731689453	122.96687316894531	1,153.001527445838	139.13659713501693	1,151.97592163085938	159.14450073242188	1,151.0	181.9833984375	1,149.27932700882883	203.79631998434434	1,148.4637077734366	211.6059049196676	1,152.9524383544922	197.19024658203125	1,159.92970275878906	178.17575073242188	1,171.11993408203125	157.80010986328125	1,185.31228637695312	140.68771362304688	1,200.0476837158203	130.96820068359375	1,219.40773213668302	128.82490678157077	1,229.05459594726562	137.0819091796875	1,235.86427307128906	154.32138061523438	1,238.93254497068682	176.3730125257059	1,241.0	191.62234497070312	1,245.2450891252474	207.88125777602016	1,258.31488037109375	206.81106567382812	1,
o,192.0	107.0	1,192.0	107.0	1,178.09704229153738	104.52163481967239	1,154.10589599609375	112.92939758300781	1,139.6587625724908	124.4080686300715	1,125.04129028320312	145.9174041748047	1,120.0	163.41468811035156	1,120.5	188.0	1,127.03224182128906	207.06448364257812	1,144.0	226.0	1,160.31646728515625	234.72659301757812	1,187.6788871734467	239.0040363859074	1,208.9706573486328	235.005859375	1,229.0089080813202	225.3228740862821	1,250.75201416015625	206.24798583984375	1,260.9742736816406	190.05148315429688	1,268.02557373046875	168.92327880859375	1,264.43200096534326	152.0877937139129	1,255.36144110109876	140.78609054844145	1,242.8943328857422	131.8943328857422	1,227.02854919433594	126.0142822265625	1,209.8671875	122.0	1,192.83892822265625	120.0	1,172.00000000000003	122.0	1,
o,197.0	97.0	1,187.31188705145902	101.77770616932213	1,177.1237335205078	109.91751098632812	1,164.80713267765603	125.63843580939198	1,155.57568184451193	145.60148677687556	1,153.42030529951305	167.52942286383114	1,160.46797373628877	188.35349198144135	1,177.2509507952171	201.70047861065785	1,198.98043002575633	202.40351592021125	1,217.48944091796875	194.70632934570312	1,235.87912054825387	179.1208947105352	1,248.46430737086365	160.99480762428277	1,253.74526977539062	144.01889038085938	1,254.0	128.2827911376953	1,247.12750244140625	110.19123840332031	1,235.99747261263542	102.78103885760554	1,223.41632080078125	101.0	1,206.116455078125	104.0	1,193.03946261012126	108.75341322444693	1,184.0	115.0	1,
o,135.0	126.0	1,138.9044169412446	147.84849799869264	1,145.87355041503906	171.62066650390625	1,158.69515991210938	193.61895751953125	1,172.04759216308594	208.047607421875	1,189.10169773266978	216.15657649326562	1,206.85972595214844	215.0	1,219.84263814983737	206.74677873375816	1,230.98641967773438	193.02716064453125	1,237.9841766357422	178.06329345703125	1,241.97014438104563	157.2348277607766	1,239.36643981933594	139.4657440185547	1,232.76354533821598	125.79861231603	1,219.13389587402344	114.08926391601562	1,205.09690992773272	108.18987896191868	1,187.22511291503906	104.0562744140625	1,171.04234313964844	105.0	1,151.2543825042304	112.01161997414823	1,135.0	127.0	1,
o,256.0	117.0	1,251.01669311523438	109.01669311523438	1,238.06932067871094	101.02310180664062	1,218.61537170410156	103.28205871582031	1,187.24427554516552	123.18595582366561	1,158.53384359267187	152.31918886092765	1,137.6743787553037	187.45228119149468	1,135.3973252930094	214.5885499715926	1,142.5051918426727	240.1697883969688	1,167.05263361298714	238.09427143106618	1,190.42911676919516	224.0186442339977	1,225.12969970703125	195.71444702148438	1,250.26959060541287	168.11627132219522	1,265.31888818494343	145.41157700126053	1,265.0379943847656	125.03799438476562	1,246.0	121.0	1,
o,210.0	108.0	1,203.96660478219832	100.01590624286297	1,191.33029174804688	94.11009216308594	1,175.3389892578125	98.86441040039062	1,157.4617919921875	115.42276000976562	1,143.51463648820393	136.19102001805305	1,136.0855392089492	154.81682991398955	1,135.01487731933594	179.0892333984375	1,158.33300523693234	188.11931062794392	1,187.64797973632812	184.1055908203125	1,206.01348876953125	172.98989868164062	1,228.76334889634248	155.24243452546378	1,240.8510203319595	139.31621491734168	1,242.9967041015625	119.99012756347656	1,236.09332275390625	110.09332275390625	1,218.0	109.0	1,
p,174.0	66.0	1,173.86793518066406	72.73587036132812	1,177.32577017852546	94.84464440315983	1,181.90756225585938	122.35296630859375	1,184.78036499023438	151.31610107421875	1,186.94798278808594	182.6358642578125	1,187.0	207.87481689453125	1,187.0	226.0	1,183.025390625	220.076171875	1,180.1891813574507	197.60044974740117	1,176.17782009980638	168.17829463570376	1,174.0411834716797	144.24710083007812	1,174.0	123.54177856445312	1,178.9134979248047	98.17300415039062	1,191.1041481281617	84.80157643008062	1,210.67282104492188	76.081787109375	1,231.75698852539062	76.0	1,244.0	82.0	1,249.0	94.8951416015625	1,242.09420776367188	107.81156921386719	1,228.3528673964245	119.7459749761312	1,215.6363214125936	127.42381781602509	1,201.90109324211122	132.9327112684526	1,188.00000000000017	137.99999999999991	1,
p,204.0	117.0	1,204.0	117.0	1,203.41974846116827	133.7808151235513	1,200.9644012451172	162.24917602539062	1,199.0	190.57266235351562	1,195.89198589368615	217.4250654606485	1,190.99710083007812	248.01156616210938	1,188.0	264.9620666503906	1,184.6253335244707	246.52217341872355	1,180.5	212.5	1,174.01327514648438	166.1195068359375	1,171.03321838378906	145.19931030273438	1,166.09356689453125	117.1871337890625	1,167.9066619873047	105.09333801269531	1,182.69094848632812	96.07725524902344	1,206.14842594643628	92.53957297163737	1,237.9584197998047	92.99307250976562	1,259.0136413574219	97.00273132324219	1,275.3264465332031	108.32646179199219	1,270.97265625	127.04100036621094	1,253.7583664239753	143.64105360188782	1,235.05364990234375	156.9597625732422	1,213.0296173095703	166.99258422851562	1,
q,214.0	91.0	1,211.96498107910156	87.94746398925781	1,190.0852766309594	76.0211362240023	1,175.61377913179862	78.2738755162652	1,154.93064880371094	93.06935119628906	1,145.08917236328125	110.77706909179688	1,140.0	134.76747131347656	1,143.9606170654297	155.92123413085938	1,159.58546447753906	166.0	1,179.499730413335	158.1842673802865	1,195.68865966796875	143.41513061523438	1,209.83585652217704	126.1840160446263	1,217.82799213726656	114.11394160884466	1,221.0	110.92041015625	1,218.05799865722656	121.82598876953125	1,213.03533935546875	141.85862731933594	1,208.56992834465865	162.41332449144798	1,206.0	180.68621826171875	1,202.94251414796244	206.3725856409579	1,201.0	226.94320678710938	1,201.0	243.85379028320312	1,201.0	256.9966735839844	1,204.98623657226562	263.9862365722656	1,218.01400756835938	255.98599243164062	1,236.91839599609375	233.10491943359375	1,
q,237.0	92.0	1,223.985051747788	79.99252197037075	1,183.01431274414062	89.9892578125	1,159.16492047550432	128.22816230334556	1,193.3004608154297	132.84976196289062	1,235.0655517578125	105.9344482421875	1,229.9947509765625	120.010498046875	1,212.26278686523438	164.84303283691406	1,198.01144409179688	227.93133544921875	1,207.97467041015625	264.9915466308594	1,250.7351617147888	235.93599831562483	1,261.6205116246119	187.04189751474175	1,231.0	182.86968994140625	1,
q,207.0	107.0	1,207.0	107.0	1,194.13357543945312	96.04452514648438	1,175.6442108154297	95.83894348144531	1,152.9208483926968	111.08937518858708	1,140.1219940185547	131.6950225830078	1,141.94949340820312	153.92422485351562	1,157.71574097860986	155.46515416383087	1,182.5	144.5	1,205.95132446289062	127.0389404296875	1,222.6388805686576	111.36111943134237	1,234.0	101.0	1,228.05343627929688	112.83970642089844	1,220.1120147705078	130.71995544433594	1,210.12749656256295	160.08381911637923	1,201.82235671035454	190.74452129041018	1,195.99635314941406	219.0218505859375	1,193.0	239.97232055664062	1,189.5	263.0	1,190.0	274.95977783203125	1,197.14142001192394	270.46182485482046	1,217.79794311523438	248.20205688476562	1,240.20842260555193	223.67740039486912	1,
r,132.0	97.0	1,132.0	97.0	1,138.0	98.0	1,156.85354614257812	102.96337890625	1,175.76473999023438	111.84315490722656	1,187.87767028808594	121.87767028808594	1,199.10173948217937	139.53736066223394	1,205.2923594182001	162.4618072858617	1,206.10737599181886	186.17246744557946	1,203.99960327148438	207.00198364257812	1,200.96359252929688	224.14559936523438	1,195.6692352294922	238.66152954101562	1,190.01144409179688	239.02288818359375	1,190.0356166715531	219.02379802533537	1,193.3154863264983	195.4225840098771	1,197.98568725585938	172.07156372070312	1,204.9675750732422	153.0810546875	1,212.97543334960938	136.0491180419922	1,224.74896950204763	119.20203832005514	1,236.9504852294922	106.04951477050781	1,249.955810546875	98.0220947265625	1,261.0486145019531	96.0	1,
r,116.0	90.0	1,129.777701086471	95.3149107491043	1,166.83718872070312	111.91859436035156	1,193.9822235107422	142.96444702148438	1,207.69273165398673	191.30672535840648	1,209.0	235.54541759738504	1,205.0	267.9874572753906	1,204.0	260.1109924316406	1,207.0	226.947265625	1,207.96090558858552	187.24514350341033	1,212.9707489013672	148.1169891357422	1,225.50301841397226	116.64359426532775	1,248.06610217271088	98.11546655413039	1,272.6738586425781	92.0	1,285.78863525390625	95.0	1,
s,252.0	93.0	1,252.0	93.0	1,236.01181030273438	92.0	1,217.30543491680535	92.80010231116259	1,200.07936096191406	95.97354125976562	1,184.87038772891978	103.94654065111109	1,172.98475646972656	120.06100463867188	1,170.39092960114397	134.17539907384287	1,176.86228942871094	150.79342651367188	1,191.15235270028415	159.43034169490437	1,213.10759741713414	167.08821324588726	1,232.01243591308594	174.00830078125	1,244.9714813232422	182.95721435546875	1,256.0	201.0	1,256.0	217.06997680664062	1,250.76797282373883	235.87857502359117	1,240.5	249.5	1,224.69195652978652	256.5706698750428	1,207.9114990234375	257.0	1,193.19235229492188	252.59616088867188	1,182.37062110357874	243.7627512287336	1,178.0672607421875	233.134521484375	1,175.0	222.0	1,
s,258.0	103.0	1,258.0	103.0	1,258.0	103.0	1,238.0183563232422	88.00611877441406	1,223.24492919361708	79.97502059585995	1,202.1140899658203	74.02851867675781	1,182.27931326423925	75.68017168394019	1,163.03451538085938	84.97698974609375	1,152.31274612876294	102.078299291793	1,152.87062072753906	116.48245239257812	1,165.65565490722656	136.65565490722656	1,182.13433837890625	149.05374145507812	1,210.7330780029297	161.8932342529297	1,230.76362458191576	168.20062864431424	1,252.00033569335938	180.00021362304688	1,259.42974377737886	195.5204612668319	1,256.0444641113281	215.91107177734375	1,245.09925674689325	233.58670038272456	1,224.93601989746094	248.031982421875	1,209.03381565852266	253.94306341239988	1,190.32579040527344	254.0	1,178.02273559570312	246.04547119140625	1,171.1014862060547	236.10147094726562	1,167.48983503833088	226.85037089613306	1,168.0	213.0	1,
s,239.0	100.0	1,224.39820861816406	95.67964172363281	1,197.42831420898438	95.0	1,179.1285400390625	97.96786499023438	1,170.0	111.5	1,185.2177519160285	130.2844263066937	1,208.9877737252648	154.97751993365105	1,232.58915971782437	179.8175729819044	1,247.8080902412508	196.85725937723475	1,255.97744484928467	217.85457104504917	1,242.01316833496094	231.99472045898438	1,223.0	237.5	1,195.5554491107503	239.65720566427433	1,172.75239361952782	238.86555767272384	1,145.7960662841797	233.92352294921875	1,130.0	225.0	1,
t,180.0	91.0	1,179.0865936279297	95.91340637207031	1,177.04556274414062	111.81776428222656	1,174.9885137772153	131.90322892004974	1,173.12082036244755	159.3207622309553	1,175.2394745373869	186.71924074871538	1,186.38823109955968	211.2959237397607	1,207.0512237548828	220.0	1,223.49775724804428	213.34151546146867	1,239.01539611816406	191.93844604492188	1,233.92990112304688	176.89486694335938	1,212.6089608003092	164.2208704249139	1,185.35003483399694	161.17649303259367	1,157.89943425374955	162.00206333280124	1,136.85035705566406	165.03741455078125	1,121.13433837890625	168.0	1,128.9536895751953	168.0	1,151.98384054978635	164.428146252584	1,179.16730795401304	160.4262048792096	1,203.26931762695312	157.0	1,218.01483154296875	157.00494384765625	1,
t,181.0	163.0	1,223.40750544485775	154.3198017288968	1,260.9777526855469	145.00741577148438	1,275.0	141.0	1,275.0	141.0	1,275.0	141.0	1,275.0	141.0	1,268.98553466796875	145.01446533203125	1,249.0234375	148.01171875	1,233.77108764648438	133.3132781982422	1,225.00926831796423	94.75448068911624	1,220.00157165527344	81.99842834472656	1,215.0	115.64509582519531	1,217.0	155.46278381347656	1,222.520442059423	190.81912004128222	1,230.92930603027344	213.9293212890625	1,245.27039663833608	223.6906542719241	1,292.3714680820262	191.109512472307	1,
u,151.0	101.0	1,150.0	105.97853088378906	1,148.4295739107881	124.5771698076904	1,148.0	147.19125366210938	1,148.0	167.94302368164062	1,150.9267120361328	187.633544921875	1,159.40704960400285	205.42845576546682	1,179.5868672094947	215.98079094050811	1,196.90277099609375	210.04861450195312	1,212.01109313964844	194.98519897460938	1,224.89393615722656	175.17678833007812	1,233.95115661621094	154.1221160888672	1,240.23038020698706	134.61550514194508	1,242.0	120.9503173828125	1,238.56190486749188	127.66950476840076	1,234.96047973632812	142.11854553222656	1,231.20438230686952	162.44572532273207	1,230.99958944666122	186.09104603221013	1,236.02740478515625	204.08224487304688	1,244.05340576171875	217.05340576171875	1,257.0	218.0	1,
u,174.0	96.0	1,175.26651552250536	107.73377128215171	1,174.18182536930172	143.79926338189915	1,183.94788919812285	190.66424445967314	1,212.13128268291211	207.65589283408968	1,240.9379425048828	179.1116943359375	1,254.7243180727378	139.11323338176416	1,259.0	107.09286499023438	1,257.0	102.99371337890625	1,256.0	124.95210266113281	1,256.0	155.94908082137542	1,258.0	181.19720458984375	1,265.9485778808594	200.94857788085938	1,
v,143.0	110.0	1,143.0	110.0	1,146.96090698242188	116.92181396484375	1,151.9674835205078	126.90245056152344	1,158.61636848884294	141.0459453438499	1,164.93519592285156	157.83798217773438	1,171.9524688720703	175.88116455078125	1,178.93588256835938	193.8397216796875	1,184.93557739257812	208.7423095703125	1,190.5069754231885	222.26017062093982	1,195.00437927246094	233.00439453125	1,197.0	239.0	1,198.0	241.0	1,200.0	236.04849243164062	1,206.01455688476562	225.97088623046875	1,212.67237533097367	213.36393010438962	1,220.19670542295194	197.60658915409613	1,227.21564044253702	181.69054833649267	1,233.9021017873426	165.6806615231998	1,239.52546949178745	149.16034770737625	1,242.95790100097656	138.08419799804688	1,245.0	128.06655883789062	1,247.0	125.0	1,
v,161.0	111.0	1,161.0	111.0	1,164.91873168945312	121.83747863769531	1,169.36210472187048	136.06402825763135	1,175.45103803549307	152.6224524281053	1,181.7083821690138	169.11852697738982	1,187.87459395593456	185.64358016178133	1,193.75058714971877	202.24027636731117	1,198.98849487304688	218.96548461914062	1,201.95127868652344	227.90255737304688	1,204.9208984375	235.9208984375	1,206.0	239.06607055664062	1,208.0	236.09036254882812	1,210.0	227.52249145507812	1,215.10035705566406	213.79928588867188	1,220.00648498535156	200.97409057617188	1,227.11317443847656	186.77365112304688	1,233.98027912898448	171.94393452712663	1,241.4494200847578	155.96142248283127	1,248.29039966959814	139.7136316867595	1,252.969482421875	129.06103515625	1,255.0	120.17404174804688	1,257.8294982910156	117.82949829101562	1,
w,123.0	127.0	1,134.43286518500727	153.2986088432542	1,150.61593084688232	193.18622990036758	1,168.85781860351562	225.92889404296875	1,181.5961863469668	222.03816710043398	1,194.9573516845703	183.17062377929688	1,203.85464477539062	151.29071044921875	1,208.0	139.0	1,219.0115509033203	172.02310180664062	1,239.0515672935574	217.10313458711482	1,255.5	241.5	1,268.548172062594	218.76756793676773	1,281.3224861329116	177.7100650578965	1,291.9848937988281	146.03018188476562	1,
w,127.0	131.0	1,127.0	131.0	1,128.0	132.32427978515625	1,127.0	149.14922258615434	1,127.98138427734375	169.90689086914062	1,132.80369567871094	188.50924682617188	1,142.7414681273769	201.7037565081675	1,163.9821319580078	204.00445556640625	1,176.86167907714844	194.18441772460938	1,186.92095947265625	179.1580810546875	1,195.37214749802897	158.3031989376801	1,199.43257268818343	148.0107881840595	1,203.4337905555988	158.1805366823809	1,207.9894561767578	174.95785522460938	1,214.7670135498047	191.53402709960938	1,228.32701334012512	207.91648128975558	1,245.8017120361328	215.0	1,260.6745910644531	209.2169189453125	1,274.60655948536737	193.62368198548376	1,284.423486602964	173.20345964038904	1,290.0204162597656	152.9183807373047	1,291.0	140.0	1,
x,145.0	97.0	1,145.0	97.0	1,151.39998230980643	111.59279589348185	1,173.26171418573242	136.99728278193547	1,206.09490966796875	173.01263427734375	1,230.34419752140772	198.34420356727244	1,254.5367430444602	221.5367430444602	1,268.07265381030396	228.95153042932134	1,273.0346161233767	213.42884000321618	1,276.963623046875	180.21823120117188	1,278.0	162.29803466796875	1,280.66125615377496	130.05695068976323	1,281.0	112.28439331054688	1,279.0864562988281	98.08645629882812	1,270.20904541015625	98.89547729492188	1,250.82919311523438	112.37809753417969	1,231.3865966796875	131.6134033203125	1,210.1377716064453	153.8622283935547	1,188.4818572998047	178.42178344726562	1,169.942760059293	199.0940330604887	1,152.5799102783203	220.130126953125	1,142.15806579589844	231.92095947265625	1,137.0	236.98553466796875	1,137.0	237.0	1,
x,292.0	97.0	1,285.38739013671875	104.61259460449219	1,233.01025390625	161.98974609375	1,170.81774386584792	220.68940790271517	1,144.1901092529297	241.0	1,147.4309051573361	223.39732241118742	1,153.94142150878906	173.35147094726562	1,160.37262810843882	120.20120341964984	1,166.0	94.0	1,177.871337890625	117.74267578125	1,212.0	161.5	1,254.9990234375	199.999267578125	1,280.940185546875	218.940185546875	1,
y,170.0	82.0	1,168.08521016802246	97.09255166244736	1,169.0	143.83258056640625	1,188.78443899345362	180.58755734819044	1,222.8497314453125	157.2003631591797	1,243.74372494717406	114.3729639886712	1,249.0	94.03256225585938	1,243.0	128.40777587890625	1,239.0	170.50930786132812	1,237.1030731201172	209.58767700195312	1,229.05165100097656	247.89669799804688	1,201.52654661530013	265.00339185074284	1,166.5	257.5	1,
y,181.0	100.0	1,180.11598462961777	121.1596688720103	1,182.02536010742188	169.1014404296875	1,224.86138916015625	160.1108856201172	1,255.8487548828125	115.30247497558594	1,264.0	102.98674011230469	1,257.0	147.93045043945312	1,252.0	199.10104370117188	1,241.0966033935547	253.80679321289062	1,206.93954467773438	287.0201416015625	1,165.85000610351562	276.8999938964844	1,158.9784393310547	256.0431213378906	1,195.16177368164062	225.91912841796875	1,237.94801330566406	199.0260009765625	1,277.7316484898107	173.17384387378942	1,
y,160.0	85.0	1,160.0	85.0	1,155.79771345871058	96.28569954998605	1,154.0	116.21470642089844	1,159.1728658598526	132.1500916232439	1,181.09282372454814	122.4686858943304	1,207.99278259277344	99.00825500488281	1,226.57201612773892	80.42798387226107	1,236.80409240722656	70.09796142578125	1,234.7178436437503	76.97218045481553	1,226.2579886943324	100.27792349085787	1,221.0	117.5	1,211.9991912841797	157.00570678710938	1,205.11544517104417	184.4297307223099	1,198.43223188857385	208.30867142855163	1,189.02891540527344	227.96145629882812	1,178.23431093525335	238.41458784263182	1,158.44485473632812	234.35586547851562	1,149.99042287554352	221.914185305232	1,
z,137.0	93.0	1,137.0	93.0	1,169.2060413348054	100.0	1,220.51158953256723	96.85323100035465	1,269.95697021484375	91.0	1,285.0	90.0	1,258.1625061035156	109.89166259765625	1,218.2885284423828	142.7691650390625	1,178.58327747751605	179.15870789863257	1,140.32226893747088	213.4407581020257	1,123.0	228.0	1,123.0	229.0	1,160.35244750976562	227.32949829101562	1,212.31411743164062	225.0	1,251.09700957899835	220.38052802737474	1,275.9512939453125	218.0	1,
z,114.0	131.0	1,116.93997955322266	132.0	1,137.63401975888505	127.47631443769228	1,163.92893981933594	120.26776123046875	1,196.21918876536034	111.74923172480064	1,219.9951063022042	106.86214414604991	1,241.6536830943303	110.32128682637882	1,229.1885986328125	139.69354248046875	1,208.87661743164062	169.1727294921875	1,189.17929077148438	194.74102783203125	1,170.31778715715933	221.01837951739023	1,157.02347138262496	241.3139969662762	1,157.9141387939453	252.91415405273438	1,174.0	251.5	1,208.86888122558594	232.513427734375	1,223.0	225.0	1,
z,193.0	119.0	1,202.60016280972283	119.0	1,219.98648071289062	118.0	1,232.65945434570312	120.88648986816406	1,234.00183885473143	135.57964982053767	1,220.69299786567308	161.0993899312498	1,201.38382719329832	194.29224975856903	1,182.07465652092355	227.48510958588827	1,177.0	245.62146918248058	1,189.73683166503906	252.0	1,211.80145263671875	245.0850830078125	1,229.17906333246393	236.5484062401134	1,253.80648361681824	221.62491886218473	1,278.0	206.0	1,
r,159.0	96.0	1,159.0	96.0	1,167.99075317382812	112.97224426269531	1,173.46383666992188	126.92768859863281	1,178.9922415504491	146.9641009363876	1,182.01621419693302	168.75673442262277	1,184.0	191.9962158203125	1,184.88798382096925	212.58943927138102	1,182.03416442871094	232.9658203125	1,178.0	226.18179321289062	1,175.79142578406461	213.8647077504517	1,174.0	194.31695556640625	1,174.0	179.21853637695312	1,176.8109403981948	159.211039613301	1,181.75990295410156	145.36013793945312	1,190.35881495357808	129.25497344458532	1,199.54530334472656	119.30313110351562	1,212.56187438964844	107.29208374023438	1,223.14283740475946	100.37354525144427	1,232.65789833275215	95.18723585233883	1,243.19815875801575	92.05034971104715	1,252.85055541992188	90.0	1,258.87408447265625	89.0	1,
l,160.0	63.0	1,160.0	71.3875561711344	1,160.95515003539754	88.96480466422106	1,161.0	106.5692597687943	1,161.0	125.99282836914062	1,159.99980488583995	150.54526231339403	1,158.70199751286685	168.0989072181321	1,158.0	186.57254028320312	1,157.4199857735661	203.16248000587686	1,161.20584106445312	212.20584106445312	1,177.4875246989288	212.11805497691756	1,194.66394324981562	208.26404175214097	1,211.6778796535569	203.8026280407007	1,229.5	199.5	1,252.849609375	194.03009033203125	1,270.65472412109375	190.06906127929688	1,280.0	187.0	1,
l,167.0	70.0	1,165.0	76.84379577636719	1,164.0	94.99391174316406	1,163.56261977776757	113.93566616427125	1,163.0	139.22833251953125	1,161.87668526037749	158.2360234996802	1,161.0034553245574	184.82984755445688	1,160.0	202.89608764648438	1,160.0	221.5	1,167.8427276611328	236.76409912109375	1,183.3267427620617	243.3621903633792	1,201.0041575064772	243.6571264191513	1,218.55976751427036	241.16492230569634	1,236.73590087890625	238.05282592773438	1,258.3690490722656	231.87698364257812	1,
