a,208.0	98.0	1,208.0	98.0	1,198.4102020263672	94.0	1,178.45272827148438	92.0	1,158.4488067626953	97.82048034667969	1,138.33444213867188	113.66555786132812	1,123.78079223632812	134.43841552734375	1,117.0867919921875	158.56602478027344	1,120.8724365234375	179.68112182617188	1,126.0	187.0	1,148.97640991210938	191.00588989257812	1,167.77745056152344	182.133544921875	1,178.0	172.0	1,196.77723693847656	149.29702758789062	1,205.80816650390625	135.28773498535156	1,209.71234130859375	126.5753173828125	1,210.0	124.81964111328125	1,209.0	130.7788848876953	1,208.0	142.82073974609375	1,208.86669921875	159.466796875	1,212.70042419433594	176.80169677734375	1,218.9040985107422	192.7122802734375	1,228.0	205.0	1,
a,215.0	95.0	1,210.12391662597656	91.12391662597656	1,202.34068298339844	88.17034912109375	1,189.43112182617188	87.8922119140625	1,171.2706298828125	95.83761596679688	1,155.11842346191406	113.85197448730469	1,144.06797790527344	135.79605102539062	1,141.0	157.49020385742188	1,147.87803649902344	173.81704711914062	1,161.64283752441406	178.0	1,178.72845458984375	170.20367431640625	1,193.7448272705078	156.2551727294922	1,207.75253295898438	137.41246032714844	1,216.7877960205078	122.42440795898438	1,221.93707275390625	114.12586975097656	1,224.0	113.94422912597656	1,225.0	120.65730285644531	1,225.91488647460938	132.7446746826172	1,228.0	146.61863708496094	1,232.0	154.5	1,246.88119506835938	165.98019409179688	1,252.0	166.0	1,
a,245.0	100.0	1,239.04075622558594	95.04075622558594	1,217.07781982421875	89.0	1,179.10324096679688	97.95870971679688	1,151.21144104003906	125.71807861328125	1,147.5	154.5	1,175.7957000732422	172.0	1,208.833740234375	160.0831298828125	1,236.0257110595703	132.96572875976562	1,249.0	110.06001281738281	1,245.0	112.85353088378906	1,241.0	131.81776428222656	1,246.91290283203125	154.73870849609375	1,268.06707763671875	164.0	1,
c,227.0	94.0	1,221.0450897216797	92.0	1,209.52340047486442	93.68113183789129	1,192.18792866382427	97.94497735414612	1,176.40093141878572	106.39443676580572	1,162.54504130019666	117.7502050013314	1,150.27125549316406	132.54791259765625	1,141.08750915527344	152.56248474121094	1,139.889067749784	173.8332087784122	1,145.4287531977368	190.86358331741258	1,154.89974549500096	205.90164722419388	1,169.76375244885622	215.68281484939664	1,187.09501278642225	220.0	1,208.050537109375	218.32492065429688	1,229.7957305908203	211.08169555664062	1,245.8877125685402	201.35439951231842	1,
c,210.0	97.0	1,205.1708221435547	97.0	1,193.9597930908203	99.0	1,177.2980499267578	102.94038391113281	1,159.55718994140625	109.77713012695312	1,143.69854576407988	119.73283525995647	1,131.2247941226812	132.3798619356145	1,124.72591656734564	148.68781880871825	1,125.2255985847947	166.2940014422173	1,131.92564268451184	182.7435866852107	1,142.18907858639946	197.16827569901776	1,155.44023940245702	209.01890024009447	1,171.08155840923257	217.3394149187218	1,186.72988891601562	221.0	1,199.8871612548828	220.03762817382812	1,214.588608326494	217.30754998461944	1,223.8511199951172	214.07443237304688	1,234.96153259277344	210.0	1,242.94398498535156	205.02801513671875	1,
c,218.0	96.0	1,208.21258544921875	94.0	1,194.30597772169656	93.4873523954877	1,178.72507343529915	96.20530000191323	1,162.4730224609375	104.7161865234375	1,146.0356682484011	118.73043472610978	1,136.62205363189582	131.70151394892102	1,129.14976501464844	152.10140991210938	1,130.11014049871383	169.90469456337502	1,135.74131462460664	184.79883659838492	1,149.59483337402344	197.69613647460938	1,168.25489807128906	205.70196533203125	1,184.84736823091114	206.97989614075058	1,200.72753050615793	205.03398791138721	1,223.0	196.0	1,
d,200.0	149.0	1,200.0	149.0	1,182.40731811523438	142.0	1,156.0328461448757	144.55040091891635	1,143.00450134277344	153.99549865722656	1,130.05198669433594	174.79205322265625	1,130.1703404090162	195.0250988758993	1,138.0201873779297	210.02020263671875	1,158.8983917236328	214.025390625	1,177.02912476854777	201.9748021681812	1,194.46941429815107	177.06907694402815	1,206.33332347861054	148.85417629646778	1,212.7933561759928	118.88667003761927	1,215.0	88.3349704086927	1,211.969482421875	74.0	1,206.02627563476562	80.94744873046875	1,201.4568613881092	101.17254280893806	1,199.0	120.86073303222656	1,196.25293606712094	146.88073469501222	1,195.0	167.07424926757812	1,197.0	187.84732055664062	1,202.77745056152344	203.55490112304688	1,211.06700134277344	216.13400268554688	1,221.255126953125	222.08505249023438	1,228.0	224.0	1,
d,214.0	125.0	1,202.23686288151947	123.0	1,181.05202991462622	127.0805344831219	1,161.85232067109564	138.610755681981	1,147.36774766943944	155.03212937233602	1,139.35379263120691	176.31087746288637	1,141.95949493655147	194.90510248469533	1,154.84716796875	206.94906616210938	1,177.83457946777344	209.0	1,200.12478637695312	198.946533203125	1,219.2869646209127	65.71913066818524	2,217.5141807563336	99.38519364876626	2,216.0	139.9079132080078	2,217.0	178.12751336715436	2,218.0	202.95095825195312	2,219.0	222.99124145507812	2,
d,220.0	151.0	1,220.0	151.0	1,213.02853393554688	140.01426696777344	1,198.33302042700754	132.31541482953577	1,182.33753967285156	131.0	1,158.34268188476562	141.74298095703125	1,147.8322322373287	155.55079770863273	1,143.0	184.73526000976562	1,152.25032956183736	196.1529424044533	1,171.76095581054688	196.09561157226562	1,193.46141494147093	183.7700403651213	1,213.6701470536165	161.59068902680988	1,228.16085401468584	135.19332236874865	1,238.02395414138613	106.81368806270257	1,239.96424865722656	80.89274597167969	1,231.1077117919922	74.0	1,218.0621795654297	87.90672302246094	1,210.10910034179688	103.78181457519531	1,203.12757873535156	130.48971557617188	1,203.26689819323187	147.36277575188427	1,208.88571166992188	171.5428466796875	1,219.7641143798828	187.76412963867188	1,230.6615447998047	195.83078002929688	1,246.8109130859375	196.06301879882812	1,
d,231.0	161.0	1,223.3135528564453	158.1567840576172	1,207.1820831298828	153.0	1,183.44306706846345	155.55225116204176	1,165.0933837890625	167.9066162109375	1,154.07815005743956	192.5735812543408	1,158.873779296875	208.83169555664062	1,183.30555725097656	217.0	1,211.28468103874508	191.000592050009	1,230.25914001464844	160.4817352294922	1,246.76904068013286	116.97101166590289	1,252.72247521940548	84.49099058644322	1,256.0	56.974456787109375	1,253.95651245117188	51.0	1,246.9386442875918	64.21786817717022	1,240.1326141357422	88.73475646972656	1,236.49025120687529	112.54874028141553	1,233.0	139.92098999023438	1,232.0	161.85006306027532	1,234.0	183.82589721679688	1,238.97769165039062	204.9107666015625	1,245.9344024658203	219.80322265625	1,
e,158.0	147.0	1,158.0	147.0	1,179.8459111021717	154.6915759075083	1,195.8921356201172	154.02696228027344	1,212.73499540257419	146.5401375200113	1,232.10537719726562	127.8594970703125	1,235.09880957561793	109.05966108596898	1,227.06503295898438	100.02168273925781	1,209.18991088867188	97.95252990722656	1,186.9838409423828	104.0064697265625	1,172.93917846679688	114.06082153320312	1,159.29889983993624	131.21637648237478	1,153.0409698486328	148.8361358642578	1,153.3103988513359	165.02089405593105	1,157.9112091064453	180.82241821289062	1,167.5726824452476	196.30970673764185	1,176.247719046023	203.94982247891568	1,188.79541015625	209.897705078125	1,202.919921875	210.0400390625	1,218.06507873535156	205.97830200195312	1,231.2653340997225	200.36827219945084	1,241.24602468614898	194.37698498082275	1,251.0	188.0	1,
e,122.0	144.0	1,126.880615234375	148.880615234375	1,138.81085820927703	157.40510713069753	1,154.54795837402344	163.88699340820312	1,174.32876586914062	165.0	1,194.2337188720703	160.3065185546875	1,211.85708618164062	150.14291381835938	1,222.45285252841455	134.15259758927317	1,220.03453063964844	119.10357666015625	1,205.5718103576468	112.10640169393112	1,192.92706298828125	116.04862976074219	1,180.26599859009855	130.10100732314504	1,172.98464965820312	147.06141662597656	1,170.0	162.85720825195312	1,171.09297365914674	182.20415949924896	1,175.981201171875	196.943603515625	1,186.10018920898438	208.05010986328125	1,196.9378204345703	212.0	1,208.3001937240119	212.00938861538287	1,218.2301357833834	207.82282257538762	1,230.98532104492188	199.01467895507812	1,243.0	187.0	1,
e,182.0	155.0	1,182.0	155.0	1,194.98458862304688	155.0	1,211.79275512695312	151.06907653808594	1,225.60479736328125	143.26345825195312	1,237.00858856869777	131.88436487268797	1,240.08506774902344	114.25521850585938	1,231.1741987656748	105.76805363266203	1,210.75006829557674	102.90257441961553	1,194.1217498779297	105.96955871582031	1,180.3251953125	113.6748046875	1,166.17984329287657	126.37031438214922	1,156.21470415157617	144.52487016247306	1,154.0	158.8179473876953	1,156.34068901460634	175.030683516928	1,163.65322875976562	189.47982788085938	1,173.9312748838757	200.12455172244015	1,185.77626037597656	206.88812255859375	1,200.95742797851562	210.0	1,212.9294478843456	207.52879079005118	1,223.9878692626953	202.00607299804688	1,236.1162567138672	192.88375854492188	1,
f,184.0	123.0	1,193.90048217773438	116.09951782226562	1,206.8829385466437	98.25354924513063	1,208.3522102724034	76.80126120270452	1,199.043701171875	69.956298828125	1,187.22561645507812	85.66159057617188	1,181.88616271094122	107.16839591574217	1,181.0	132.04327651328677	1,181.96370871004174	157.72872527260265	1,182.0	183.46638111211217	1,180.01209214970854	208.06139704687203	1,173.71699630402563	229.49102273300284	1,160.1456684998617	246.91999539923796	1,135.0	146.0	2,135.0	146.0	2,138.70729064941406	145.0	2,177.81246948242188	145.0	2,214.2596435546875	145.0	2,
f,237.0	79.0	1,237.0	79.0	1,230.8963165283203	79.0	1,209.40101143703404	85.88298714282858	1,193.77853526487442	97.25944216212085	1,181.90653915170782	112.19372530468907	1,176.8450086863002	129.80287964845635	1,175.0	148.1353451643585	1,176.08822517524058	166.5024949416807	1,178.3496679073551	184.7936988272915	1,182.92465209960938	201.84930419921875	1,186.81039866883305	216.44975726033766	1,189.0	227.93698120117188	1,130.0	181.0	2,151.60859622248114	175.5362064706944	2,189.39244753459258	167.15188732389447	2,217.92295293423092	162.01386824882607	2,237.00000000000009	160.0	2,
f,200.0	130.0	1,213.45601258717483	117.26189811040622	1,228.78054809570312	95.43888854980469	1,235.0	71.25140380859375	1,226.1283416748047	55.06416320800781	1,211.9969291757381	69.07092507954718	1,204.39092906642296	95.78905485602377	1,201.91307927057994	123.37368282661622	1,201.0	151.21335802832925	1,202.0	178.66433715820312	1,202.0	200.32602030053872	1,202.0	222.0	1,200.0	234.92901611328125	1,198.0	243.0	1,152.0743865966797	143.0	2,188.60923189843453	138.28939418495196	2,224.97195434570312	137.0	2,247.95614624023438	138.95614624023438	2,
f,226.0	78.0	1,219.0965750268976	78.6254334760511	1,201.73986710300287	86.86063964207712	1,193.7945538980898	105.98690833985694	1,190.9261722108536	126.56024153182207	1,190.0	148.51768493652344	1,191.0	172.41482543945312	1,188.9967498779297	197.01950073242188	1,182.0428924560547	215.91421508789062	1,165.94859313964844	231.03427124023438	1,149.57670425393482	224.9978861153783	1,149.0	147.0	2,167.81399536132812	147.0	2,205.0	143.0	2,
g,234.0	88.0	1,221.26612854003906	79.26612854003906	1,178.0853612380545	77.59382727214965	1,153.06471252441406	115.67645263671875	1,176.88722241253194	144.24370283061	1,214.90950383448615	120.09049616551385	1,231.0	102.914794921875	1,226.15830993652344	127.52508544921875	1,224.0	167.78060913085938	1,223.19876098632812	203.20492553710938	1,213.0	236.0	1,187.39752197265625	252.0	1,159.09115600585938	240.18231201171875	1,146.07589721679688	215.22769165039062	1,146.0	193.0	1,
g,247.0	82.0	1,238.17213439941406	76.08607482910156	1,225.24183654785156	70.08061218261719	1,205.24638969989513	71.43839610679555	1,186.9457550048828	82.04067993164062	1,173.57176676331457	101.57131406208289	1,169.99705505371094	121.99116516113281	1,179.91282653808594	131.0	1,200.89154537770932	119.56533604792452	1,216.8352813720703	105.21963500976562	1,229.5080108642578	92.49198913574219	1,231.86395308379463	94.54675108528231	1,229.11764526367188	110.52940368652344	1,226.0	137.3928985595703	1,224.40003814566464	154.4205361419945	1,222.68106252411292	184.55812666271288	1,217.12051391601562	211.51797485351562	1,208.37847900390625	227.495361328125	1,193.21905517578125	237.92697143554688	1,183.09683227539062	231.19366455078125	1,182.0	214.15496826171875	1,190.79443359375	192.27407836914062	1,212.11328125	169.90936279296875	1,236.00000000000006	149.99999999999997	1,
g,214.0	96.0	1,214.0	96.0	1,214.0	96.0	1,190.1621856689453	80.05406188964844	1,168.13876342773438	84.90748596191406	1,157.52256770232665	95.45873246300918	1,146.02166748046875	117.91329956054688	1,146.85961416233175	132.43796206671146	1,160.40008544921875	142.0	1,181.5927906818324	135.4723314331992	1,196.81301879882812	124.18698120117188	1,209.8441925048828	112.07789611816406	1,214.0	109.0	1,213.03746032714844	120.88763427734375	1,213.0	143.85147094726562	1,213.0	162.9875946044922	1,213.0	187.0533385797407	1,211.1313368360646	213.71510310902457	1,206.8970184326172	231.20596313476562	1,198.11074829101562	243.94461059570312	1,190.22808837890625	243.22808837890625	1,190.04278564453125	228.87164306640625	1,196.61857915560242	207.10245428825985	1,209.05041189861078	183.42953518343026	1,216.0	172.0	1,
h,154.0	34.0	1,154.91038375964712	45.3240528061786	1,155.0	90.0	1,154.0	152.643462435478	1,153.0	200.81478881835938	1,153.0	208.87613655946157	1,160.02579634870918	169.36519253563847	1,179.96406293299916	135.06406424397738	1,209.1608123779297	122.0	1,227.99085998535156	140.97256469726562	1,231.0	173.01794123719387	1,230.0	200.75631713867188	1,229.0	221.93923950195312	1,
h,169.0	55.0	1,169.0	55.0	1,169.0	68.5	1,167.67383068071538	90.28531939768466	1,165.7222246124348	113.77218015359813	1,163.9235627172215	137.2713770391767	1,161.83879338284373	160.74492531454035	1,159.174882590627	184.14658126135944	1,158.6368512213766	195.6069548249694	1,164.99420166015625	188.00579833984375	1,172.00006103515625	174.9998779296875	1,184.66680407621575	157.25603524461317	1,194.915771484375	146.05615234375	1,210.60297667970988	133.70070776501063	1,222.01120426924155	132.63428823884266	1,227.0	141.84823608398438	1,227.0	154.51162893125394	1,225.0	167.7978515625	1,222.0	183.0	1,221.0	199.9097900390625	1,223.98370361328125	207.98370361328125	1,230.97938537597656	211.0	1,240.19009399414062	204.80990600585938	1,253.54370680401598	189.94558477757735	1,
h,169.0	59.0	1,170.0	67.92842640822424	1,170.0	84.63045250047466	1,169.2204225037051	103.9679896178451	1,168.3160984307788	121.96301343067945	1,167.3925043284841	141.08731319325676	1,166.1909969205155	161.61960632246237	1,164.99999716739072	182.1393041231372	1,164.0	197.98519897460938	1,165.04620361328125	216.13861083984375	1,182.0	148.0	2,182.0	148.0	2,195.61764526367188	146.0	2,229.17761078448117	150.0592014632468	2,248.46147632733775	167.94951818079957	2,252.0	186.71511840820312	2,251.0	206.92861938476562	2,
h,161.0	101.0	1,161.0	101.0	1,161.0	101.0	1,163.91378784179688	110.74137878417969	1,167.0	146.02711553242938	1,161.36453247070312	179.90640258789062	1,149.8204081051153	212.08646751166097	1,139.0128631591797	229.98712158203125	1,143.2331912099484	219.53361758010323	1,162.09786885008603	190.85320411726275	1,185.74220873530246	166.18221983009218	1,205.92808532714844	160.0	1,213.0	173.01803588867188	1,206.04075622558594	195.91848754882812	1,200.0	220.90402221679688	1,202.9836883544922	236.98370361328125	1,216.9853057861328	233.01470947265625	1,
i,164.0	53.0	1,164.0	53.0	1,164.0	53.0	1,172.4949335095411	57.160796882658346	1,182.9708054102801	61.68485819518265	1,191.7176243363704	65.415335382666	1,200.57182478110968	68.84997667023286	1,209.10259225413532	73.05080826671414	1,217.07427978515625	78.04951477050781	1,192.0	101.0	2,191.0	106.00714111328125	2,186.96823690903483	134.19459518100132	2,182.97201538085938	166.139892578125	2,181.0	191.68807251149946	2,181.0	210.96353149414062	2,182.0	220.0	2,
i,177.0	57.0	1,177.0	57.0	1,177.0	57.0	1,178.7673212756193	59.33007727676616	1,183.90586853027344	64.90586853027344	1,188.87419568787934	69.87685137833721	1,195.07715843828154	76.08147529990107	1,200.24914542621	81.24914542620999	1,206.109231151884	87.76910400684591	1,195.0	121.0	2,195.0	121.0	2,194.0	125.79466886385809	2,192.4361074308869	153.63380703253463	2,191.22098581435773	181.48727190328637	2,191.39805951201302	203.77214358820953	2,195.0	218.819091796875	2,203.88633728027344	217.0	2,215.4176677679344	210.0191408714489	2,
i,188.0	58.0	1,188.0	58.0	1,188.0	58.0	1,189.0	60.994171142578125	1,191.46473842893784	65.92946489376371	1,194.86875129780205	71.50771631206783	1,197.9802927253204	76.00207207057643	1,200.85233497239562	81.131759056821	1,204.15159883535316	85.30319767070627	1,171.0	139.0	2,171.0	139.0	2,171.0	139.0	2,183.01304626464844	137.0	2,192.9443359375	147.888671875	2,190.15151977539062	165.54542541503906	2,185.6076668844545	185.56717349707768	2,185.838623046875	201.67724609375	2,191.922607421875	211.0	2,203.96197509765625	206.01901245117188	2,214.80284551712992	194.26758287902277	2,
i,192.0	85.0	1,192.0	85.0	1,192.0	85.0	1,190.43211746747625	85.0	1,187.5840473244856	86.20243275648541	1,184.33312611909045	88.30276822039474	1,180.66313892567885	89.3885200234872	1,176.9933319091797	90.0	1,177.0	92.31088674039819	1,178.0	94.26092464019267	1,179.0	93.0	1,189.0	131.0	2,189.0	131.0	2,186.51616113854817	148.3118130059444	2,184.09863445207574	173.36402259148085	2,182.6867314346197	194.27782605311498	2,181.39091156593702	215.1549515381258	2,182.0	229.96392822265625	2,183.0	235.0	2,
j,189.0	56.0	1,189.0	56.0	1,189.0	56.0	1,189.57456609204664	56.57456609204664	1,193.8749141061702	60.26313687305844	1,196.9130859375	63.9130859375	1,200.41335166127297	67.41335166127297	1,204.01966857910156	71.01966857910156	1,206.0	74.0	1,186.69541013458374	120.80920082161387	2,209.33860386460046	117.0029465290951	2,214.44905846223938	124.20070815914657	2,209.00741577148438	148.9777374267578	2,207.0	177.56742327020848	2,206.0	207.7041015625	2,199.32951787905964	230.46007883633163	2,183.98350524902344	239.0	2,166.98614501953125	224.9722900390625	2,
j,190.0	46.0	1,190.0	46.0	1,190.0	46.0	1,191.32516565936288	47.32516565936288	1,195.47610473632812	51.476104736328125	1,199.30428005467598	55.24782952600367	1,204.28978969472203	59.47487227776102	1,208.3496686812742	63.34966868127421	1,180.0	111.0	2,189.8771209716797	113.0	2,220.55991829337304	106.14401346678608	2,234.0	107.0	2,226.50992263681562	130.36156940808044	2,227.00650024414062	161.01951599121094	2,232.0	190.84371948242188	2,230.45056128064346	220.7635033549508	2,222.0343017578125	241.931396484375	2,205.20358276367188	254.0	2,179.20945739746094	253.0	2,160.130126953125	237.130126953125	2,
j,201.0	44.0	1,201.0	44.0	1,201.0	44.0	1,202.90965270996094	44.90965270996094	1,207.179443359375	49.179443359375	1,211.49707596383507	52.756777522616005	1,215.51261029411094	56.51364021743652	1,220.0539374950318	61.05393749503177	1,194.0	114.0	2,194.0	114.0	2,199.91893005371094	114.0	2,216.9166259765625	131.7498779296875	2,224.9526905196165	166.18547999060908	2,227.0	194.8429813426082	2,221.6565133135407	222.94151990763456	2,208.04550170898438	240.0	2,196.04660034179688	238.04660034179688	2,200.9480743408203	218.10385131835938	2,215.4585734546396	193.39442532061034	2,254.3607177734375	151.6753387451172	2,
k,176.0	61.0	1,173.5813117578245	72.64179483562509	1,169.03953552246094	97.80233764648438	1,164.99078369140625	122.05531311035156	1,161.27513122558594	147.07411193847656	1,158.0718928943902	173.48274234824115	1,154.79252451456415	197.25206507244158	1,153.0	218.31021118164062	1,151.0	238.99578362810453	1,274.0	124.0	2,254.24603271484375	132.93849182128906	2,214.64504431029596	150.8940776853522	2,176.40806223554037	167.84113995220548	2,157.0	179.98965454101562	2,164.9969940185547	187.0	2,189.9756317138672	201.98782348632812	2,217.14192523070867	219.2868923758978	2,240.8098490627221	233.86614459579303	2,252.02902221679688	240.02902221679688	2,
k,188.0	66.0	1,187.0	78.56314754530726	1,185.09273433923337	99.99549124342109	1,185.0	120.651611328125	1,184.0	142.7122039794922	1,184.0	166.67367664223676	1,184.0	190.75885009765625	1,184.0	208.21361839861848	1,184.0	226.65185546875	1,185.9984868612996	241.9567835206138	1,269.0	111.0	2,269.0	111.0	2,240.197021484375	134.84239196777344	2,207.28857421875	161.8076171875	2,182.04603576660156	182.95394897460938	2,188.84860229492188	187.84860229492188	2,211.9927978515625	192.0	2,238.00904326098754	203.78657194762377	2,258.9544677734375	216.9544677734375	2,267.0	224.0	2,
k,180.0	48.0	1,180.74558479969173	59.89426872914737	1,181.0	79.3350307094192	1,181.51761854649934	101.77919880305188	1,183.0	125.98008728027344	1,185.57636855602075	149.4970891664599	1,187.53194482840001	173.35160966076643	1,188.22264508880272	191.29320013765806	1,189.0	213.96047973632812	1,190.0	227.0087678668488	1,190.0	233.0	1,198.0	164.0	2,198.0	164.0	2,215.7316131591797	117.08946228027344	2,250.0233154296875	125.046630859375	2,247.16024780273438	146.67953491210938	2,218.22341918945312	167.85104370117188	2,192.01513671875	181.992431640625	2,188.8738250732422	188.0	2,216.11307447219502	192.8561737895432	2,247.0792734064135	198.34740008202155	2,274.7756042480469	204.0	2,287.0	208.0	2,292.0	208.0	2,
k,189.0	55.0	1,189.0	55.0	1,204.02465422088565	99.97446325459734	1,202.06554766682632	149.2329790953449	1,198.80532908366422	198.42229535939174	1,196.0	231.08105381391624	1,196.97683715820312	213.09262084960938	1,201.9661820345298	169.5942529738311	1,225.8428497314453	140.10476684570312	1,261.84991455078125	137.92495727539062	1,267.7490358931968	155.6789199655558	1,240.0789337158203	173.9473876953125	1,208.04769897460938	185.95230102539062	1,210.98793029785156	193.9879150390625	1,242.93423461914062	206.97808837890625	1,269.99582646277986	218.6598714103491	1,285.05987548828125	225.0	1,
l,188.0	70.0	1,187.0	72.94572448730469	1,184.0	83.926513671875	1,179.1652069091797	96.752197265625	1,176.0562208563037	109.30988429015831	1,173.0191192626953	122.92350769042969	1,170.51380123217075	134.45800121601542	1,168.0	148.95249938964844	1,166.59408062358494	159.90264957289304	1,166.0	170.97885131835938	1,166.0	181.99856567382812	1,167.2014919202216	190.57135480900817	1,169.009033203125	196.009033203125	1,174.64939880371094	198.0	1,182.66223663472505	196.1085959562622	1,189.1964874267578	191.80349731445312	1,
l,155.0	71.0	1,155.0	71.0	1,155.0	71.0	1,155.0	71.0	1,155.0	71.0	1,155.0	71.0	1,160.45278373863698	72.6583317437235	1,165.9278564453125	77.9278564453125	1,170.42399642214568	86.80270252390737	1,172.0	97.84010314941406	1,170.0	105.0	1,165.9950714111328	118.00985717773438	1,163.0833282470703	128.75	1,159.06468200683594	139.8059539794922	1,154.9816131591797	151.05514526367188	1,151.9456787109375	161.10865783691406	1,149.73094220833767	172.2974185136185	1,147.99086294758555	184.02785228785157	1,148.0	194.08181762695312	1,149.2291470508044	201.68410202018066	1,153.9873504638672	208.98736572265625	1,160.9309539794922	213.0	1,167.69921129770822	213.00721514167785	1,173.27868579835894	211.61049457780936	1,181.11776733398438	206.94110107421875	1,
m,111.0	78.0	1,122.0	84.75306701660156	1,128.0	133.25804138183594	1,127.0	184.28375244140625	1,130.0	189.08297729492188	1,144.86989913258748	142.04228634212564	1,175.79051208496094	108.06982421875	1,200.5447230800367	130.36854937900569	1,204.0	170.74810791015625	1,207.97193908691406	159.1122589111328	1,223.84226989746094	121.31546020507812	1,252.65347290039062	102.0	1,270.9412841796875	126.82380676269531	1,274.0	162.87245178222656	1,275.0	186.91836547851562	1,276.0	202.0	1,
m,145.0	69.0	1,141.49534058129825	86.99402873844693	1,137.0	134.71351623535156	1,131.84218757490947	178.7760888529003	1,133.94528198242188	178.16415405273438	1,146.9458465576172	133.27073669433594	1,177.6768341064453	98.10772705078125	1,205.9366455078125	116.8099365234375	1,209.004150390625	161.98338317871094	1,206.9154510498047	184.16909790039062	1,220.96099853515625	144.09750366210938	1,244.8466796875	110.07666015625	1,257.0	123.83456420898438	1,254.0	159.75486755371094	1,256.9646301269531	185.96463012695312	1,273.8476867675781	187.07614135742188	1,
m,112.0	125.0	1,119.9862060546875	126.00689697265625	1,148.67971801757812	103.32028198242188	1,160.0	90.87065124511719	1,151.37057836425458	121.52953512814885	1,141.15899658203125	167.36398315429688	1,136.8965606689453	189.10345458984375	1,153.2804818481565	148.59289667667403	1,178.81776428222656	113.12149047851562	1,206.9732666015625	106.9732666015625	1,213.0	141.92860412597656	1,207.08901977539062	179.82196044921875	1,207.95326232910156	174.14022827148438	1,224.92962646484375	133.1407470703125	1,248.76336669921875	108.0	1,264.0	120.81156921386719	1,261.05877685546875	148.88246154785156	1,256.0	179.77515129668794	1,262.98162841796875	192.0	1,292.0	162.0	1,
m,142.0	92.0	1,140.0677490234375	107.79673767089844	1,136.03887939453125	147.80557250976562	1,130.38614044399122	188.91694157324667	1,128.46366638932068	195.21072194064124	1,137.01480102539062	158.94082641601562	1,157.61474609375	123.2568359375	1,184.90750122070312	115.95375061035156	1,197.0	147.86009216308594	1,196.0	188.92538452148438	1,195.14473044190993	178.84230022856985	1,209.90663146972656	135.14004516601562	1,239.89583073409653	121.62027253251361	1,261.79369973057555	143.94963167510446	1,266.0	176.0270465448007	1,263.0	201.93539428710938	1,
n,153.0	90.0	1,153.0	90.0	1,153.0	112.76048278808594	1,153.0	131.32470703125	1,151.94236193333026	153.9678737225523	1,150.54704352974744	179.50710179635303	1,149.0	200.61676025390625	1,147.0	211.86361694335938	1,147.9409637451172	208.11807250976562	1,150.98604617463403	187.11200689171395	1,153.998046875	168.009765625	1,158.14896014218212	149.43101451500098	1,166.94686889648438	127.10626220703125	1,176.92523193359375	115.07476806640625	1,198.7725067138672	105.05686950683594	1,213.86508178710938	103.0	1,233.8974151611328	108.96580505371094	1,243.20537699705596	120.43545071781581	1,248.9464111328125	135.83921813964844	1,250.0	157.02139282226562	1,248.90563049202552	170.41702839627436	1,247.83815160655746	183.1329387540978	1,246.0	197.965576171875	1,245.0	207.05535888671875	1,
n,165.0	67.0	1,166.0	75.79322814941406	1,166.0	90.54227973177115	1,165.04154980334746	109.97871943601571	1,164.01075781260923	131.49476494071405	1,163.0	151.86507483633142	1,162.028763912768	170.73948250053732	1,161.0	188.697021484375	1,161.0	204.07846069335938	1,169.0	108.0	2,182.36650413646362	101.56475860960597	2,213.13898215577106	92.59187743111613	2,244.81424326763485	96.14320344516719	2,260.941162109375	115.88233947753906	2,263.0	143.31861365295367	2,261.0	167.95068359375	2,260.0	186.95755004882812	2,
n,137.0	111.0	1,137.0	111.0	1,137.0	111.0	1,153.80862426757812	123.71292114257812	1,160.0	157.62377043606412	1,154.04689025878906	190.90621948242188	1,152.93588256835938	189.1923828125	1,165.93203735351562	150.1359100341797	1,184.8448028564453	118.15519714355469	1,211.09601874783604	99.02276945233618	1,225.17733391362216	114.03713040778591	1,225.2483320627789	148.28653377496	1,224.0	178.57373046875	1,228.0	201.97979736328125	1,242.9251708984375	202.0748291015625	1,
n,125.0	117.0	1,133.84376525878906	119.0	1,163.86176183672563	103.09076113353474	1,184.0	87.0	1,177.08377075195312	108.74868774414062	1,168.93281470223778	146.26875003220664	1,161.03384399414062	182.89846801757812	1,161.08439540946029	189.27855075865176	1,178.61952795375785	149.08740678818143	1,203.6661564728095	113.33384352719052	1,230.78311157226562	102.0	1,240.0	126.1348342843803	1,233.04666137695312	156.8600311279297	1,233.17971004552174	183.28696244703042	1,249.90798950195312	187.0460205078125	1,277.0	161.0	1,
o,200.0	80.0	1,185.1091766357422	81.0	1,166.36405497036716	89.20729343326552	1,150.17691040039062	101.82308959960938	1,139.15289306640625	117.6942138671875	1,133.0681610107422	136.65921020507812	1,135.0504550075816	159.13545515897718	1,146.69246022336273	179.40207559282868	1,163.54457092285156	188.88613891601562	1,183.67564392089844	190.05404663085938	1,201.9319839719213	184.8272125147471	1,222.51209676130324	173.61592687373164	1,238.95369779314802	156.88522331216453	1,245.93382263183594	141.19851684570312	1,247.0533384305294	123.37971592613721	1,242.0407731588149	112.73885549523244	1,234.11399841308594	104.0570068359375	1,223.38401794433594	98.1920166015625	1,211.1755828857422	95.0	1,199.22750854492188	93.0	1,188.06964111328125	92.0	1,178.0	95.0	1,
o,212.0	94.0	1,212.0	94.0	1,164.07975325329414	104.37916369622342	1,137.37083858947682	129.94373448639024	1,134.851806640625	164.40724182128906	1,161.2710843799181	192.57641382182348	1,197.17358218999607	199.20103795644005	1,231.095458984375	181.904541015625	1,246.50747562628828	149.77345121039437	1,242.02781677246094	123.05561828613281	1,226.0555877685547	108.02778625488281	1,202.25190037436553	101.0	1,179.1702117919922	101.0	1,166.0	105.0	1,
p,184.0	77.0	1,186.0	88.19245764696029	1,184.02833862986293	111.05193992005694	1,183.0	133.98814628477874	1,182.0427825949946	156.91916893986905	1,183.0	182.58757882223048	1,183.0	206.16712503899637	1,184.0	226.97116088867188	1,185.0	245.03640747070312	1,188.0	99.0	2,188.0	99.0	2,188.0	99.0	2,225.47235107421875	104.86808776855469	2,260.8885803222656	124.88858032226562	2,263.9835510253906	148.01644897460938	2,247.1162416227973	163.95838894550414	2,219.00392150878906	176.998046875	2,193.02032470703125	181.98983764648438	2,
p,187.0	75.0	1,185.5504398494341	80.70725601853324	1,181.17482794278502	103.75713074642532	1,178.51259294905492	127.15792697190835	1,177.16651805080707	150.65139244807463	1,176.0	173.86814890387225	1,176.0	197.71439519864376	1,175.0026332719224	221.2190245702363	1,176.00033569335938	241.00067138671875	1,177.0	256.0	1,135.0	99.0	2,152.65867614746094	87.0853271484375	2,199.07599180929373	80.00834726782487	2,243.9324951171875	85.97749328613281	2,262.0	108.89207458496094	2,247.01190185546875	131.9881134033203	2,219.06625366210938	144.9668731689453	2,197.0	156.0	2,175.0	165.0	2,
p,151.0	104.0	1,159.76605475778948	101.60916428304755	1,180.775634765625	88.14956665039062	1,199.09976510574933	74.98968111731347	1,205.0847930908203	74.91520690917969	1,200.876619064736	93.10760215355266	1,199.0	120.3042563097119	1,200.0	147.5499006477034	1,200.0	174.86719213482817	1,197.01338846806607	201.94646161493398	1,188.36706738593796	227.3063180353137	1,173.00254821777344	241.9991455078125	1,156.1769256591797	234.35385131835938	1,212.0	113.0	2,212.0	113.0	2,226.827880859375	112.95697021484375	2,263.7303466796875	126.73036193847656	2,269.270263671875	151.45945739746094	2,245.0413360595703	165.97933959960938	2,217.0420379638672	168.02102661132812	2,
q,229.0	76.0	1,229.0	76.0	1,175.96055603027344	80.01972961425781	1,148.94740295410156	113.10520935058594	1,154.73594432011248	148.88011505389488	1,191.71112648409843	146.31512956444365	1,218.97923284961468	116.05397786930082	1,227.0	103.95672607421875	1,226.0477612865246	126.8100424658861	1,226.0	161.60020446777344	1,226.0	195.32211196536716	1,225.0	222.6477376124283	1,225.0	236.96701049804688	1,226.0	238.0	1,241.64211418370817	205.11737036064443	1,
q,222.0	80.0	1,222.0	80.0	1,181.2953338623047	66.0	1,141.10608537586216	102.72725082713991	1,166.81428031690933	124.0488864172601	1,205.82449340820312	103.11700439453125	1,218.0101318359375	94.979736328125	1,205.21702575683594	131.9148712158203	1,195.7286798180664	187.35616880953611	1,197.948486328125	235.84542846679688	1,238.24066162109375	218.75933837890625	1,258.0	174.11019897460938	1,230.00401306152344	159.9986572265625	1,203.0	178.93246459960938	1,228.73928833007812	173.63034057617188	1,
q,217.0	85.0	1,217.0	85.0	1,195.15063003141134	70.01965777506875	1,171.50273715314495	73.8729108987295	1,152.2129669189453	88.78703308105469	1,140.1064997073236	110.69188189502822	1,140.29510628834998	130.5807392054421	1,152.33241158070464	145.1319927144329	1,171.90829467773438	148.0305633544922	1,189.04734802246094	142.95265197753906	1,201.65114625087412	133.4634472465882	1,211.0	124.0	1,227.0	92.0	2,227.0	92.0	2,214.034912109375	132.79055786132812	2,202.2623748779297	175.68814086914062	2,197.0	211.79867553710938	2,201.9778594970703	232.97784423828125	2,214.9910125732422	232.00900268554688	2,233.08447265625	216.91552734375	2,
r,130.0	105.0	1,130.0	105.0	1,134.8168182373047	109.7252197265625	1,161.8476477258912	146.7695234597947	1,176.0	182.5	1,181.0	219.91921997070312	1,180.0	239.9599609375	1,177.0	223.13735961914062	1,175.0	195.6990966796875	1,178.8920135498047	168.32394409179688	1,190.7444535807343	139.50669316941222	1,206.9019012451172	122.09809875488281	1,223.00523376464844	113.0	1,238.94578552246094	111.0	1,252.99999999999994	113.99999999999997	1,
r,124.0	133.0	1,124.0	133.0	1,124.0	133.0	1,152.99926569441507	126.0	1,179.9321746826172	137.86434936523438	1,184.0	168.9930419921875	1,180.0941619873047	200.717529296875	1,176.0	222.91708374023438	1,176.8887414998	212.4367767179105	1,179.9974365234375	184.01025390625	1,186.83169555664062	155.50491333007812	1,203.8295230724012	128.1704769275988	1,222.04466440032527	122.0	1,238.91920471191406	130.0	1,248.0	138.9338836669922	1,
r,118.0	159.0	1,118.0	159.0	1,150.90460205078125	146.09539794921875	1,175.85301208496094	117.22048950195312	1,188.0	98.04522705078125	1,186.0	116.82830810546875	1,183.0	147.8172630084859	1,180.0	185.99960327148438	1,178.0	215.1121393306026	1,179.63087191051656	211.6118588509426	1,183.9851531982422	176.05938720703125	1,191.99403381347656	140.0178985595703	1,211.5520477294922	118.22398376464844	1,235.9507293701172	120.97535705566406	1,253.00250244140625	132.0025177001953	1,267.9547119140625	140.0	1,289.0	136.0	1,
r,162.0	88.0	1,165.0	106.66891479492188	1,165.0	141.33143615722656	1,163.0587615966797	179.70620727539062	1,161.0	209.84182739257812	1,161.0	212.26119995117188	1,163.8999481201172	185.3001708984375	1,168.0	154.1432647705078	1,178.00660705566406	132.98678588867188	1,194.6368487925892	127.22625687612539	1,208.8990020751953	134.0	1,222.85804748535156	140.0	1,242.87710571289062	140.0	1,
r,144.0	100.0	1,144.0	100.0	1,150.4108428955078	102.0	1,166.78605062228928	104.44542904665161	1,183.79737854003906	108.93246459960938	1,198.46608572020062	118.22277852978046	1,211.9290313720703	133.85806274414062	1,217.96640014648438	146.8656005859375	1,223.0	166.97021484375	1,223.0	180.8754569989481	1,220.99893188476562	201.00320434570312	1,217.7871431226525	215.3174081938008	1,213.04054260253906	229.91891479492188	1,208.7554090688781	235.51797642336857	1,207.0	224.20203308888978	1,208.0	208.11178588867188	1,209.0	189.33657625896447	1,210.89943161463592	166.11571208149607	1,213.8966827392578	149.41326904296875	1,221.01150563411372	132.8765364725465	1,232.0912628173828	117.90873718261719	1,243.78159599964042	106.79169998099307	1,254.94570922851562	99.02714538574219	1,264.9761047363281	95.00796508789062	1,274.1571350097656	95.07856750488281	1,
s,260.0	100.0	1,256.0797424316406	97.07974243164062	1,238.9758324062656	95.19908107013111	1,219.14443969726562	95.0	1,201.31698608398438	97.93659973144531	1,185.20941277037502	104.49296818092127	1,171.0635528564453	116.809326171875	1,169.1403727417578	129.8427504902372	1,178.72889709472656	141.72889709472656	1,194.4165161786127	150.1499217402774	1,214.42398764491284	159.55805988475342	1,229.77871704101562	169.77871704101562	1,238.18935191686666	181.60221475650644	1,240.03993225097656	198.88018798828125	1,233.37037684815562	212.6594003217679	1,219.9753875732422	224.01641845703125	1,205.64288297308534	230.05402875181892	1,183.9507598876953	232.0	1,171.19915771484375	230.06637573242188	1,158.25799560546875	223.25799560546875	1,147.25422705420672	210.66236694096511	1,142.0	201.0	1,
s,244.0	116.0	1,244.0	116.0	1,236.55093544983077	105.30674763606638	1,223.25106811523438	90.25106811523438	1,207.63931865982363	79.31965772092254	1,185.0157470703125	73.0	1,167.45230102539062	76.88693237304688	1,150.75677012438544	92.66722470931427	1,146.0	109.04153442382812	1,154.90882246150662	128.74540101542945	1,170.80580139160156	140.90289306640625	1,188.41490725354097	148.2572755291381	1,213.33714253906535	156.09736165366448	1,233.9182586669922	163.97274780273438	1,246.64609857392634	175.25608456425294	1,250.0	187.48382393892174	1,244.1243438720703	203.8134765625	1,228.1201244336253	217.7945621310293	1,211.10452270507812	225.94772338867188	1,190.99516023601257	228.0	1,177.07395935058594	224.04931640625	1,164.0323944091797	214.06478881835938	1,156.95663452148438	198.869873046875	1,
t,192.0	73.0	1,188.0	81.86224365234375	1,182.87101777119884	104.95143184503817	1,180.01138305664062	127.94306945800781	1,178.0	153.01956176757812	1,176.30434129232376	175.70257934361607	1,176.9769744873047	197.930908203125	1,180.66359099286743	215.34563718214997	1,191.99905395507812	224.0	1,206.7167858750543	214.2832183108018	1,220.87391749066455	197.17483445143685	1,233.20175170898438	180.79824829101562	1,121.0	136.0	2,133.87537021751106	132.89318523495896	2,168.0	129.0	2,206.16603088378906	122.94465637207031	2,225.975830078125	122.0	2,
t,181.0	75.0	1,179.01104736238395	86.63180599135076	1,175.58485690369622	104.29606425051499	1,171.81928282913654	127.63649425414859	1,171.0	151.70755004882812	1,171.63256816238098	172.38926578985624	1,176.79523724563524	193.54064590160613	1,191.4701638082171	201.98654276189157	1,208.27728696806776	195.7259830793806	1,226.57583373988842	180.08527386185636	1,123.0	139.0	2,147.6483949373989	126.55522071900039	2,181.58982849121094	118.13671875	2,209.0	115.0	2,
t,128.0	131.0	1,136.16503668962451	128.20293428698477	1,147.4291456630622	125.91408054593846	1,159.9391326904297	123.01521301269531	1,174.1980394316121	120.9356079206855	1,187.04796655354545	118.9560347840029	1,197.94422912597656	118.0	1,209.73903742402092	115.71807124316739	1,179.0	72.0	2,173.19683328580214	92.05128810285512	2,169.4893115830505	123.43906338024792	2,167.04034453310487	154.85731797566314	2,167.0	186.46675259609592	2,174.27074575783902	198.9406689304457	2,
u,141.0	88.0	1,138.28320623640255	99.51801716043359	1,137.0	136.80188569086584	1,140.0	182.74359130859375	1,155.92677307128906	216.9267578125	1,188.01759338378906	200.97653198242188	1,207.9119415283203	162.26417541503906	1,218.89125037079918	118.70616558732975	1,220.0	108.97514343261719	1,216.0	138.95559692382812	1,215.0	167.47373682751933	1,218.066533628148	191.97704757122932	1,221.0	205.01763916015625	1,231.0	208.0	1,
u,123.0	132.0	1,123.0	132.0	1,123.0	132.0	1,134.98309326171875	129.0	1,150.0	140.0	1,150.14172415654778	166.89471235569502	1,149.0	196.98379516601562	1,158.9794158935547	198.02056884765625	1,179.11701992632996	170.27134478220879	1,199.35376101840913	135.49320831518315	1,206.0	119.0	1,199.1571502685547	135.68569946289062	1,194.0	158.78933715820312	1,191.0	180.91778564453125	1,194.24056218479313	197.37793790160168	1,202.99285888671875	203.0	1,216.91690063476562	195.08309936523438	1,
v,134.0	101.0	1,134.0	101.0	1,135.81506653084955	110.01028464614855	1,140.55301120056598	127.7198384103176	1,145.48317042005792	145.41520302569816	1,151.68877050730035	162.71044357474364	1,157.56162170380523	180.12580630749815	1,164.4981231689453	196.49435424804688	1,169.99566650390625	208.98699951171875	1,175.9004669189453	216.90045166015625	1,180.893310546875	214.21337890625	1,189.78114318847656	199.43771362304688	1,202.67579079724612	175.91565055707218	1,216.69544982910156	150.5220947265625	1,228.90492358065265	127.40749348844056	1,242.03714625853218	103.16855713114927	1,250.6419502305468	86.96232450750169	1,253.0	83.0	1,
v,115.0	118.0	1,118.82847595214844	116.17152404785156	1,128.0	114.0	1,141.97386973753103	111.0	1,152.76339721679688	111.0	1,162.88473510742188	116.88473510742188	1,167.0	128.88504028320312	1,167.0	140.22039794921875	1,164.1019744873047	157.69406127929688	1,161.04798889160156	168.85601806640625	1,157.0	183.7825927734375	1,156.0	195.16176588508773	1,158.26576666183757	204.21732699965736	1,163.9210584399133	211.46212638574798	1,172.78327902009045	212.03790729049433	1,179.700439453125	204.4493408203125	1,191.4904327392578	190.34609985351562	1,204.6960906982422	174.3798828125	1,219.7545623779297	156.2454376220703	1,232.4821558521544	139.69991496952883	1,242.9176788330078	125.08232116699219	1,249.03231811523438	115.93534851074219	1,255.0	110.0	1,
v,130.0	120.0	1,134.9284210205078	116.07157897949219	1,146.89889526367188	110.05055236816406	1,158.08669072954436	106.03820852300032	1,174.72157287597656	105.90719604492188	1,185.71236739562178	115.55614069852139	1,189.0	127.80072021484375	1,188.56108289951194	146.5921550227476	1,184.10731506347656	165.5707244873047	1,181.04913330078125	178.85260009765625	1,179.9689483642578	195.93789672851562	1,187.91399589507273	204.95698278400377	1,199.4868621826172	203.17105102539062	1,216.7593438871178	193.1941340533296	1,232.78999527238307	179.61080815487534	1,244.97317389873902	162.37804858836466	1,254.84967041015625	143.3006591796875	1,260.90414678335634	123.46679146330258	1,260.9965410585209	102.54467926971716	1,253.12457275390625	88.12457275390625	1,239.0	84.0	1,
v,153.0	98.0	1,153.0	98.0	1,157.99496459960938	106.98992919921875	1,163.90182495117188	118.85273742675781	1,169.6809539794922	135.3618927001953	1,175.7220812428066	150.2718549610566	1,181.0903594994286	163.50493331957284	1,186.802490234375	178.60498046875	1,191.96580505371094	191.89743041992188	1,198.96954345703125	201.96954345703125	1,204.5	199.5	1,212.22310573439674	186.43042232108635	1,219.7432861328125	172.4278564453125	1,227.188784450492	154.0280298485787	1,232.36297203649866	140.70208579169292	1,238.8443145751953	124.31138610839844	1,247.86978149414062	109.13023376464844	1,
w,95.0	90.0	1,100.71828372993699	106.22592768358577	1,117.0516705275869	155.5314139654026	1,132.32042538590926	205.14143053839507	1,141.94631958007812	223.05368041992188	1,159.045654296875	191.90869140625	1,178.89634704589844	144.20730590820312	1,193.93292236328125	114.06707763671875	1,201.0	126.306640625	1,213.9193115234375	164.8789520263672	1,231.0983791802001	201.3009217660707	1,246.996337890625	224.996337890625	1,259.88928466438665	211.30196762978974	1,270.9784851074219	171.10760498046875	1,283.93228722468507	128.2031612430024	1,291.9052429199219	99.18954467773438	1,
w,116.0	97.0	1,116.0	97.0	1,114.0	108.4477284568789	1,115.0	130.88824462890625	1,117.95409393310547	149.77047729492188	1,122.828369140625	169.65673828125	1,134.15829285922808	187.3932201283555	1,152.54808044433594	188.11297607421875	1,170.9276580810547	175.057861328125	1,184.7993621826172	158.2675018310547	1,194.84837730763257	141.12895284851777	1,200.0	130.0930633544922	1,202.95216369628906	137.90431213378906	1,206.95164489746094	150.85491943359375	1,215.72078308271395	172.40739584728294	1,223.95889282226562	184.95889282226562	1,237.77906799316406	195.0	1,251.57829437136556	189.77580791771868	1,264.9112548828125	172.177490234375	1,270.9223937988281	154.38795471191406	1,273.0	135.28469848632812	1,272.0	112.0	1,
w,84.0	125.0	1,84.0	125.0	1,113.27589479882919	129.87783455518604	1,140.89154052734375	109.10845947265625	1,136.0460968017578	126.86172485351562	1,134.93597412109375	168.67987060546875	1,181.60028076171875	171.25436401367188	1,229.27111167334934	118.68417346962627	1,238.0703582763672	104.85929870605469	1,231.8907470703125	144.56297302246094	1,245.69274628504058	187.10981930707965	1,286.9069519042969	171.09304809570312	1,297.0137023925781	122.05485534667969	1,
w,92.0	135.0	1,105.36751549844075	130.70706487795795	1,126.96440124511719	112.07121276855469	1,134.0447998046875	108.91041564941406	1,128.0496351394614	143.99265313898033	1,133.1789779146233	185.37409842174807	1,162.843505859375	194.10433959960938	1,192.8797149658203	161.24058532714844	1,204.8829345703125	130.23414611816406	1,208.0	139.88926696777344	1,221.2729282265732	172.40939163597963	1,250.71551513671875	186.09481811523438	1,272.94488525390625	154.22047424316406	1,276.0094909667969	117.0284423828125	1,
x,160.0	100.0	1,163.02995195341143	103.87622973649425	1,174.80955505371094	116.80955505371094	1,188.92294752903624	133.36301110863985	1,201.7519103130023	148.285206169113	1,214.66663434546888	163.13425051795576	1,227.4904887993723	178.0619840968513	1,240.83456420898438	191.83456420898438	1,250.78553791107103	203.36429617000965	1,261.0	214.0	1,260.0	110.0	2,241.29627480126703	124.37492692214694	2,217.8920135498047	147.1079864501953	2,192.83507046875388	172.60227931148657	2,171.91522216796875	195.08477783203125	2,154.93240356445312	213.06759643554688	2,
x,137.0	126.0	1,142.9359588623047	124.06404113769531	1,156.6159803494354	111.23554395668279	1,171.95035428322564	91.07446836943355	1,180.8979034423828	75.20417785644531	1,182.0	78.02070617675781	1,182.88472268656528	93.61504564841557	1,191.8767852783203	112.81517028808594	1,202.65483718353462	132.15979616628084	1,215.26554324140702	151.37038651272383	1,227.8435821533203	169.765380859375	1,242.3131124281449	186.33089816060186	1,251.98727416992188	197.98727416992188	1,261.0	75.0	2,261.0	75.0	2,257.6529846191406	79.0205078125	2,226.01393127441406	120.97911071777344	2,196.0399169921875	157.95010375976562	2,168.05087280273438	188.97454833984375	2,
x,145.0	131.0	1,149.66802951370087	117.65194373750785	1,160.84096743742438	99.20967256535707	1,171.56330174824936	80.52888880245028	1,183.52532259189553	78.69404319870304	1,190.1450164895531	92.35881074644111	1,200.0842519678405	115.16850393568095	1,210.84523774087523	137.62823916543311	1,224.13580991588134	158.67106976450052	1,238.1753692626953	172.58767700195312	1,255.02519091598202	169.47624904680936	1,266.0	151.0	1,258.0	73.0	2,258.0	73.0	2,219.44754232467346	123.43519085678672	2,194.1199951171875	159.8800048828125	2,169.08795166015625	185.94137573242188	2,153.0	194.0	2,
y,145.0	80.0	1,145.0	80.0	1,145.0	80.0	1,150.8713146476287	87.36802744285329	1,160.60092065362696	99.09513276648453	1,171.83829712153417	113.79013917955855	1,179.81837270660745	124.53881242911989	1,188.67498679372432	135.83150991956163	1,196.95321903744377	146.94458770374186	1,203.83030700683594	154.83030700683594	1,260.0	82.0	2,260.0	82.0	2,241.35275268554688	108.47087097167969	2,218.34092649971907	143.08414880708153	2,194.03680419921875	179.950927734375	2,177.93923013678827	206.62303710691032	2,166.0489501953125	225.9510498046875	2,157.0492706298828	238.95071411132812	2,
y,173.0	80.0	1,173.0	80.0	1,169.0	123.46629333496094	1,170.9310760498047	159.8621368408203	1,192.8104248046875	156.1895751953125	1,219.67538452148438	121.43281555175781	1,241.83717346191406	87.16282653808594	1,244.23252868652344	87.53492736816406	1,234.5	119.5	1,228.03228759765625	155.9031219482422	1,224.0	190.79824829101562	1,217.07144165039062	220.85711669921875	1,200.34194946289062	240.82901000976562	1,174.15896606445312	248.0	1,148.0632781982422	236.12655639648438	1,
y,138.0	117.0	1,138.0	117.0	1,138.0	117.0	1,146.90188598632812	116.95094299316406	1,168.61582198334068	138.8474720859905	1,175.9647979736328	170.92959594726562	1,201.01324462890625	163.98675537109375	1,227.38809692070328	126.77427870800459	1,239.0	91.06462097167969	1,233.01187049049742	103.20833785439251	1,229.0	144.77069091796875	1,230.9964141845703	182.98922729492188	1,232.0	215.85443115234375	1,229.0659047076137	241.77289045480376	1,205.9308935456163	255.42778390801232	1,177.10723876953125	251.05361938476562	1,165.0	230.0	1,
y,155.0	68.0	1,155.0	68.0	1,155.0	68.0	1,161.66748046875	93.16868591308594	1,181.77206420898438	143.77206420898438	1,211.9593963623047	134.06089782714844	1,239.30638430012826	92.52384068563862	1,247.01812744140625	63.0	1,240.0	88.92350769042969	1,242.5699343624022	133.74248949287932	1,246.07110755439385	175.29459055567224	1,244.0697483486114	216.73895638445825	1,223.25767517089844	238.82821655273438	1,192.7558835916507	243.80107764325717	1,187.0105743408203	220.97885131835938	1,211.85427856445312	189.14572143554688	1,263.64318795413845	130.4439894169132	1,318.0	67.0	1,
z,111.0	89.0	1,118.69303894042969	91.89767456054688	1,169.34618844698468	92.13900955822466	1,225.51318359375	89.0	1,244.0	92.96614074707031	1,214.30296080904967	118.96800065419683	1,177.24217224121094	152.75782775878906	1,139.6053291366725	190.3946708633275	1,118.00338745117188	213.99661254882812	1,121.8248223901887	217.00628704775062	1,150.61422115963808	210.64634655741568	1,194.44064759168032	204.27933387048643	1,235.89183044433594	200.0	1,253.0	198.0	1,
z,133.0	86.0	1,134.0	84.0	1,147.80020141601562	80.04994201660156	1,171.6898937245762	76.6994539292692	1,198.78564556137866	75.19573650013551	1,225.80128348605768	78.80021049383588	1,248.81686401367188	86.87789916992188	1,252.30375040953027	102.09085317484887	1,242.0928955078125	118.87614440917969	1,224.01019287109375	135.99183654785156	1,203.06307983398438	155.9474334716797	1,180.9383544921875	176.05136108398438	1,163.7679901123047	194.23202514648438	1,148.1229248046875	211.83609008789062	1,142.0	226.94061279296875	1,154.8367156982422	230.0	1,176.20254896901983	226.60243581667706	1,202.71028179547906	220.31360827420053	1,228.6838836669922	213.063232421875	1,250.15505981445312	206.97415161132812	1,
z,137.0	127.0	1,143.62832641601562	125.18583679199219	1,158.3484860427419	122.57098085900458	1,179.47886174219957	116.77101408912912	1,204.43441772460938	109.16159057617188	1,226.67236328125	103.06552124023438	1,234.26567689300333	113.09945928802969	1,222.45529174804688	138.27151489257812	1,208.0	160.0	1,195.2200589959511	178.64006238854623	1,183.83098583035024	197.33802833929954	1,176.99270629882812	213.02188110351562	1,174.0	227.0333251953125	1,183.87945556640625	230.04019165039062	1,197.75823974609375	224.4967041015625	1,218.87510681152344	211.083251953125	1,241.06564108654308	197.01635195153986	1,260.0	186.0	1,
